ISO-10303-21;
HEADER;
FILE_DESCRIPTION(('ViewDefinition [ReferenceView_V1.2]','RevitIdentifiers [ContentGUID: 2199bde8-58db-4262-b13e-a79e771eb494, VersionGUID: 2eafb3d4-6333-417a-9f47-3ee947cf85fa, NumberOfSaves: 16]','CoordinateReference [CoordinateBase: Shared Coordinates, ProjectSite: Default Site]','ExchangeRequirement [Architecture]'),'2;1');
FILE_NAME('Project1.ifc','2026-08-27T13:43:51-08:00',(''),(''),'ODA SDAI 25.12','Autodesk - Revit 27.2.0.39 (ENU) - 27.2.0.39','');
FILE_SCHEMA(('IFC4'));
ENDSEC;

DATA;
#1=IFCORGANIZATION($,'Autodesk Revit 2027 (ENU)',$,$,$);
#2=IFCAPPLICATION(#1,'2027','Autodesk Revit 2027 (ENU)','Revit');
#3=IFCPERSON($,'','tommyzhou55',$,$,$,$,$);
#4=IFCORGANIZATION($,'Organization Name','Organization Description',$,$);
#5=IFCPERSONANDORGANIZATION(#3,#4,$);
#6=IFCOWNERHISTORY(#5,#2,$,.NOCHANGE.,$,$,$,1787360162);
#7=IFCSIUNIT(*,.LENGTHUNIT.,$,.METRE.);
#8=IFCDIMENSIONALEXPONENTS(1,0,0,0,0,0,0);
#9=IFCMEASUREWITHUNIT(IFCLENGTHMEASURE(0.30480000000000002),#7);
#10=IFCCONVERSIONBASEDUNIT(#8,.LENGTHUNIT.,'FOOT',#9);
#11=IFCSIUNIT(*,.AREAUNIT.,$,.SQUARE_METRE.);
#12=IFCDIMENSIONALEXPONENTS(2,0,0,0,0,0,0);
#13=IFCMEASUREWITHUNIT(IFCAREAMEASURE(0.092903040000000006),#11);
#14=IFCCONVERSIONBASEDUNIT(#12,.AREAUNIT.,'SQUARE FOOT',#13);
#15=IFCSIUNIT(*,.VOLUMEUNIT.,$,.CUBIC_METRE.);
#16=IFCDIMENSIONALEXPONENTS(3,0,0,0,0,0,0);
#17=IFCMEASUREWITHUNIT(IFCVOLUMEMEASURE(0.028316846592000004),#15);
#18=IFCCONVERSIONBASEDUNIT(#16,.VOLUMEUNIT.,'CUBIC FOOT',#17);
#19=IFCCARTESIANPOINT((0.,0.,0.));
#20=IFCAXIS2PLACEMENT3D(#19,$,$);
#21=IFCDIRECTION((0.,1.));
#22=IFCGEOMETRICREPRESENTATIONCONTEXT($,'Model',3,0.0001,#20,#21);
#23=IFCGEOMETRICREPRESENTATIONSUBCONTEXT('Axis','Model',*,*,*,*,#22,$,.GRAPH_VIEW.,$);
#24=IFCGEOMETRICREPRESENTATIONSUBCONTEXT('Body','Model',*,*,*,*,#22,$,.MODEL_VIEW.,$);
#25=IFCGEOMETRICREPRESENTATIONSUBCONTEXT('Box','Model',*,*,*,*,#22,$,.MODEL_VIEW.,$);
#26=IFCGEOMETRICREPRESENTATIONSUBCONTEXT('FootPrint','Model',*,*,*,*,#22,$,.MODEL_VIEW.,$);
#27=IFCPROJECT('0XcRteMDj2Oh4_fvw8uKja',#6,'Project Number',$,$,'Project Name','Project Status',(#22),#1193);
#28=IFCPOSTALADDRESS($,$,$,$,('Enter address here\X\0D\X\0AAddress Line 2'),$,'','Boston','','MA');
#29=IFCAXIS2PLACEMENT3D(#19,$,$);
#30=IFCLOCALPLACEMENT(#40,#29);
#31=IFCBUILDING('0XcRteMDj2Oh4_fvw8uKjb',#6,'Building Name',$,$,#30,$,'Building Name',.ELEMENT.,$,$,#28);
#32=IFCAXIS2PLACEMENT3D(#19,$,$);
#33=IFCLOCALPLACEMENT(#30,#32);
#34=IFCBUILDINGSTOREY('2JF4e6axWHqu3u0C1FZlmi',#6,'L1',$,$,#33,$,'L1',.ELEMENT.,0.);
#35=IFCCARTESIANPOINT((0.,0.,32.));
#36=IFCAXIS2PLACEMENT3D(#35,$,$);
#37=IFCLOCALPLACEMENT(#30,#36);
#38=IFCBUILDINGSTOREY('1ZGO8hrFCHqw0v0026FpFv',#6,'L2',$,$,#37,$,'L2',.ELEMENT.,32.000000000000597);
#39=IFCAXIS2PLACEMENT3D(#19,$,$);
#40=IFCLOCALPLACEMENT($,#39);
#41=IFCSITE('0XcRteMDj2Oh4_fvw8uKjc',#6,'Default',$,$,#40,$,$,.ELEMENT.,(42,21,31,401672),(-71,-3,-24,-345703),0.,$,$);
#42=IFCPROPERTYSINGLEVALUE('Reference',$,IFCIDENTIFIER('Project Information'),$);
#43=IFCPROPERTYSET('0o5XrV9nTNUcPAWxo9wir0',#6,'Pset_SiteCommon',$,(#42));
#44=IFCRELDEFINESBYPROPERTIES('1XGL5kf2o4ykNBoUbEJn3G',#6,$,$,(#41),#43);
#45=IFCAXIS2PLACEMENT3D(#59,$,$);
#46=IFCLOCALPLACEMENT(#33,#45);
#47=IFCCARTESIANPOINTLIST2D(((-7.8750000000000204,-6.8750000000000471),(7.8750000000000471,-6.8750000000000497),(7.8750000000000275,6.8750000000000471),(-7.8750000000000435,6.8750000000000497),(-7.8750000000000204,-6.8750000000000471)));
#48=IFCINDEXEDPOLYCURVE(#47,$,.F.);
#49=IFCARBITRARYCLOSEDPROFILEDEF(.AREA.,$,#48);
#50=IFCCARTESIANPOINT((7.8750000000000426,6.8750000000000746,0.));
#51=IFCAXIS2PLACEMENT3D(#50,$,$);
#52=IFCDIRECTION((0.,0.,1.));
#53=IFCEXTRUDEDAREASOLID(#49,#51,#52,10.);
#54=IFCSIUNIT(*,.PLANEANGLEUNIT.,$,.RADIAN.);
#55=IFCDIMENSIONALEXPONENTS(0,0,0,0,0,0,0);
#56=IFCMEASUREWITHUNIT(IFCPLANEANGLEMEASURE(0.017453292519943278),#54);
#57=IFCCONVERSIONBASEDUNIT(#55,.PLANEANGLEUNIT.,'DEGREE',#56);
#58=IFCSHAPEREPRESENTATION(#24,'Body','SweptSolid',(#53));
#59=IFCCARTESIANPOINT((9.9471712096028106,2.6209338519945575,0.));
#60=IFCPRODUCTDEFINITIONSHAPE($,$,(#58));
#61=IFCSPACE('3Q6G2X3eTBhxIzLzbbMupm',#6,'100',$,$,#46,#60,'Cubicle',.ELEMENT.,.NOTDEFINED.,$);
#62=IFCSPACETYPE('1BcdHYEmtIQOLuwgSuqgqr',#6,'NOTDEFINED',$,$,$,$,$,$,.NOTDEFINED.,$);
#63=IFCCARTESIANPOINT((9.9471712096028106,2.6209338519946108,0.));
#64=IFCDIRECTION((0.,1.,0.));
#65=IFCDIRECTION((0.,0.,-1.));
#66=IFCCARTESIANPOINT((0.,0.));
#67=IFCCARTESIANPOINT((13.750000000000096,0.));
#68=IFCCARTESIANPOINT((13.750000000000068,15.750000000000071));
#69=IFCCARTESIANPOINT((-0.,15.750000000000068));
#70=IFCPOLYLINE((#66,#67,#68,#69,#66));
#71=IFCAXIS2PLACEMENT3D(#63,#65,#64);
#72=IFCPLANE(#71);
#73=IFCCURVEBOUNDEDPLANE(#72,#70,());
#74=IFCCONNECTIONSURFACEGEOMETRY(#73,$);
#75=IFCCARTESIANPOINTLIST2D(((9.9471712096028106,2.620933851994609),(25.697171209602878,2.6209338519945584)));
#76=IFCINDEXEDPOLYCURVE(#75,$,.F.);
#77=IFCARBITRARYOPENPROFILEDEF(.CURVE.,$,#76);
#78=IFCAXIS2PLACEMENT3D(#19,$,$);
#79=IFCSURFACEOFLINEAREXTRUSION(#77,#78,#52,10.);
#80=IFCCONNECTIONSURFACEGEOMETRY(#79,$);
#81=IFCCARTESIANPOINTLIST2D(((25.697171209602878,2.6209338519945584),(25.697171209602903,16.370933851994653)));
#82=IFCINDEXEDPOLYCURVE(#81,$,.F.);
#83=IFCARBITRARYOPENPROFILEDEF(.CURVE.,$,#82);
#84=IFCAXIS2PLACEMENT3D(#19,$,$);
#85=IFCSURFACEOFLINEAREXTRUSION(#83,#84,#52,10.);
#86=IFCCONNECTIONSURFACEGEOMETRY(#85,$);
#87=IFCCARTESIANPOINTLIST2D(((25.697171209602903,16.370933851994653),(9.947171209602832,16.370933851994707)));
#88=IFCINDEXEDPOLYCURVE(#87,$,.F.);
#89=IFCARBITRARYOPENPROFILEDEF(.CURVE.,$,#88);
#90=IFCAXIS2PLACEMENT3D(#19,$,$);
#91=IFCSURFACEOFLINEAREXTRUSION(#89,#90,#52,10.);
#92=IFCCONNECTIONSURFACEGEOMETRY(#91,$);
#93=IFCCARTESIANPOINTLIST2D(((9.947171209602832,16.370933851994707),(9.9471712096028106,2.6209338519946108)));
#94=IFCINDEXEDPOLYCURVE(#93,$,.F.);
#95=IFCARBITRARYOPENPROFILEDEF(.CURVE.,$,#94);
#96=IFCAXIS2PLACEMENT3D(#19,$,$);
#97=IFCSURFACEOFLINEAREXTRUSION(#95,#96,#52,10.);
#98=IFCCONNECTIONSURFACEGEOMETRY(#97,$);
#99=IFCPROPERTYSINGLEVALUE('Reference',$,IFCIDENTIFIER('Cubicle 100'),$);
#100=IFCPROPERTYSINGLEVALUE('IsExternal',$,IFCBOOLEAN(.F.),$);
#101=IFCPROPERTYSET('02aTX$NgqSMkhnFBnpx81M',#6,'Pset_SpaceCommon',$,(#99,#100));
#102=IFCRELDEFINESBYPROPERTIES('0yeSauiFn6KAovQjJaODYR',#6,$,$,(#61),#101);
#103=IFCAXIS2PLACEMENT3D(#113,$,$);
#104=IFCLOCALPLACEMENT(#33,#103);
#105=IFCCARTESIANPOINTLIST2D(((-4.7708333333333082,-5.208333333333333),(4.7708333333333277,-5.2083333333333348),(4.7708333333333117,5.208333333333333),(-4.7708333333333242,5.2083333333333348),(-4.7708333333333082,-5.208333333333333)));
#106=IFCINDEXEDPOLYCURVE(#105,$,.F.);
#107=IFCARBITRARYCLOSEDPROFILEDEF(.AREA.,$,#106);
#108=IFCCARTESIANPOINT((4.7708333333333268,5.2083333333333499,0.));
#109=IFCDIRECTION((-1.,0.,0.));
#110=IFCAXIS2PLACEMENT3D(#108,#52,#109);
#111=IFCEXTRUDEDAREASOLID(#107,#110,#52,10.);
#112=IFCSHAPEREPRESENTATION(#24,'Body','SweptSolid',(#111));
#113=IFCCARTESIANPOINT((11.530504542936152,-12.962399481338631,0.));
#114=IFCPRODUCTDEFINITIONSHAPE($,$,(#112));
#115=IFCSPACE('3Q6G2X3eTBhxIzLzbbMupp',#6,'101',$,$,#104,#114,'Deepak''s Office',.ELEMENT.,.NOTDEFINED.,$);
#116=IFCCARTESIANPOINT((21.072171209602804,-2.5457328146719629,0.));
#117=IFCDIRECTION((0.,-1.,0.));
#118=IFCCARTESIANPOINT((10.416666666666668,0.));
#119=IFCCARTESIANPOINT((10.416666666666652,9.5416666666666359));
#120=IFCCARTESIANPOINT((-0.,9.5416666666666359));
#121=IFCPOLYLINE((#66,#118,#119,#120,#66));
#122=IFCAXIS2PLACEMENT3D(#116,#65,#117);
#123=IFCPLANE(#122);
#124=IFCCURVEBOUNDEDPLANE(#123,#121,());
#125=IFCCONNECTIONSURFACEGEOMETRY(#124,$);
#126=IFCCARTESIANPOINTLIST2D(((21.072171209602804,-2.545732814671962),(11.530504542936168,-2.5457328146719314)));
#127=IFCINDEXEDPOLYCURVE(#126,$,.F.);
#128=IFCARBITRARYOPENPROFILEDEF(.CURVE.,$,#127);
#129=IFCAXIS2PLACEMENT3D(#19,$,$);
#130=IFCSURFACEOFLINEAREXTRUSION(#128,#129,#52,10.);
#131=IFCCONNECTIONSURFACEGEOMETRY(#130,$);
#132=IFCCARTESIANPOINTLIST2D(((15.28050454293618,-2.5457328146719433),(11.884671209602844,-2.5457328146719322)));
#133=IFCINDEXEDPOLYCURVE(#132,$,.F.);
#134=IFCARBITRARYOPENPROFILEDEF(.CURVE.,$,#133);
#135=IFCAXIS2PLACEMENT3D(#19,$,$);
#136=IFCSURFACEOFLINEAREXTRUSION(#134,#135,#52,7.3333333333333339);
#137=IFCCONNECTIONSURFACEGEOMETRY(#136,$);
#138=IFCCARTESIANPOINTLIST2D(((11.530504542936168,-2.5457328146719314),(11.53050454293615,-12.962399481338599)));
#139=IFCINDEXEDPOLYCURVE(#138,$,.F.);
#140=IFCARBITRARYOPENPROFILEDEF(.CURVE.,$,#139);
#141=IFCAXIS2PLACEMENT3D(#19,$,$);
#142=IFCSURFACEOFLINEAREXTRUSION(#140,#141,#52,10.);
#143=IFCCONNECTIONSURFACEGEOMETRY(#142,$);
#144=IFCCARTESIANPOINTLIST2D(((11.53050454293615,-12.962399481338599),(21.072171209602786,-12.962399481338631)));
#145=IFCINDEXEDPOLYCURVE(#144,$,.F.);
#146=IFCARBITRARYOPENPROFILEDEF(.CURVE.,$,#145);
#147=IFCAXIS2PLACEMENT3D(#19,$,$);
#148=IFCSURFACEOFLINEAREXTRUSION(#146,#147,#52,10.);
#149=IFCCONNECTIONSURFACEGEOMETRY(#148,$);
#150=IFCCARTESIANPOINTLIST2D(((12.738837876269434,-12.962399481338604),(19.863837876269457,-12.962399481338625)));
#151=IFCINDEXEDPOLYCURVE(#150,$,.F.);
#152=IFCARBITRARYOPENPROFILEDEF(.CURVE.,$,#151);
#153=IFCCARTESIANPOINT((0.,0.,2.4897231926354237));
#154=IFCAXIS2PLACEMENT3D(#153,$,$);
#155=IFCSURFACEOFLINEAREXTRUSION(#152,#154,#52,7.5102768073645763);
#156=IFCCONNECTIONSURFACEGEOMETRY(#155,$);
#157=IFCCARTESIANPOINTLIST2D(((21.072171209602786,-12.962399481338631),(21.072171209602804,-2.5457328146719629)));
#158=IFCINDEXEDPOLYCURVE(#157,$,.F.);
#159=IFCARBITRARYOPENPROFILEDEF(.CURVE.,$,#158);
#160=IFCAXIS2PLACEMENT3D(#19,$,$);
#161=IFCSURFACEOFLINEAREXTRUSION(#159,#160,#52,10.);
#162=IFCCONNECTIONSURFACEGEOMETRY(#161,$);
#163=IFCPROPERTYSINGLEVALUE('Reference',$,IFCIDENTIFIER('Deepak''s Office 101'),$);
#164=IFCPROPERTYSET('14H8wqTkkcPZVXw7R8hlAs',#6,'Pset_SpaceCommon',$,(#100,#163));
#165=IFCRELDEFINESBYPROPERTIES('3hWvhsJCf459CQMWcdnbBp',#6,$,$,(#115),#164);
#166=IFCAXIS2PLACEMENT3D(#175,$,$);
#167=IFCLOCALPLACEMENT(#33,#166);
#168=IFCCARTESIANPOINTLIST2D(((-8.266666666666648,-6.8833333333332796),(12.399999999999999,-6.8833333333332796),(12.399999999999975,8.1166666666666512),(-8.2666666666666799,8.1166666666666512),(-8.2666666666666586,-2.4666666666667445),(-8.266666666666648,-6.8833333333332796)));
#169=IFCINDEXEDPOLYCURVE(#168,$,.F.);
#170=IFCARBITRARYCLOSEDPROFILEDEF(.AREA.,$,#169);
#171=IFCCARTESIANPOINT((12.400000000000002,8.1166666666666778,0.));
#172=IFCAXIS2PLACEMENT3D(#171,#52,#109);
#173=IFCEXTRUDEDAREASOLID(#170,#172,#52,10.);
#174=IFCSHAPEREPRESENTATION(#24,'Body','SweptSolid',(#173));
#175=IFCCARTESIANPOINT((-20.802828790397207,-12.87906614800529,0.));
#176=IFCPRODUCTDEFINITIONSHAPE($,$,(#174));
#177=IFCSPACE('3Q6G2X3eTBhxIzLzbbMup_',#6,'102',$,$,#167,#176,'Lab',.ELEMENT.,.NOTDEFINED.,$);
#178=IFCCARTESIANPOINT((-0.13616212373053521,2.1209338519946415,0.));
#179=IFCCARTESIANPOINT((4.4166666666665346,0.));
#180=IFCCARTESIANPOINT((15.,0.));
#181=IFCCARTESIANPOINT((15.,20.666666666666657));
#182=IFCCARTESIANPOINT((-0.,20.666666666666647));
#183=IFCPOLYLINE((#66,#179,#180,#181,#182,#66));
#184=IFCAXIS2PLACEMENT3D(#178,#65,#117);
#185=IFCPLANE(#184);
#186=IFCCURVEBOUNDEDPLANE(#185,#183,());
#187=IFCCONNECTIONSURFACEGEOMETRY(#186,$);
#188=IFCCARTESIANPOINTLIST2D(((-0.13616212373053521,2.1209338519946419),(-20.802828790397182,2.1209338519947085)));
#189=IFCINDEXEDPOLYCURVE(#188,$,.F.);
#190=IFCARBITRARYOPENPROFILEDEF(.CURVE.,$,#189);
#191=IFCAXIS2PLACEMENT3D(#19,$,$);
#192=IFCSURFACEOFLINEAREXTRUSION(#190,#191,#52,10.);
#193=IFCCONNECTIONSURFACEGEOMETRY(#192,$);
#194=IFCCARTESIANPOINTLIST2D(((-20.802828790397182,2.1209338519947085),(-20.802828790397207,-12.879066148005222)));
#195=IFCINDEXEDPOLYCURVE(#194,$,.F.);
#196=IFCARBITRARYOPENPROFILEDEF(.CURVE.,$,#195);
#197=IFCAXIS2PLACEMENT3D(#19,$,$);
#198=IFCSURFACEOFLINEAREXTRUSION(#196,#197,#52,10.);
#199=IFCCONNECTIONSURFACEGEOMETRY(#198,$);
#200=IFCCARTESIANPOINTLIST2D(((-20.802828790397207,-12.879066148005222),(-0.13616212373054992,-12.87906614800529)));
#201=IFCINDEXEDPOLYCURVE(#200,$,.F.);
#202=IFCARBITRARYOPENPROFILEDEF(.CURVE.,$,#201);
#203=IFCAXIS2PLACEMENT3D(#19,$,$);
#204=IFCSURFACEOFLINEAREXTRUSION(#202,#203,#52,10.);
#205=IFCCONNECTIONSURFACEGEOMETRY(#204,$);
#206=IFCCARTESIANPOINTLIST2D(((-18.365328790397218,-12.879066148005231),(-11.240328790397193,-12.879066148005254)));
#207=IFCINDEXEDPOLYCURVE(#206,$,.F.);
#208=IFCARBITRARYOPENPROFILEDEF(.CURVE.,$,#207);
#209=IFCCARTESIANPOINT((0.,0.,2.4897231926354237));
#210=IFCAXIS2PLACEMENT3D(#209,$,$);
#211=IFCSURFACEOFLINEAREXTRUSION(#208,#210,#52,7.5102768073645763);
#212=IFCCONNECTIONSURFACEGEOMETRY(#211,$);
#213=IFCCARTESIANPOINTLIST2D(((-7.9486621237305553,-12.879066148005265),(-0.82366212373052861,-12.879066148005286)));
#214=IFCINDEXEDPOLYCURVE(#213,$,.F.);
#215=IFCARBITRARYOPENPROFILEDEF(.CURVE.,$,#214);
#216=IFCCARTESIANPOINT((0.,0.,2.4897231926354237));
#217=IFCAXIS2PLACEMENT3D(#216,$,$);
#218=IFCSURFACEOFLINEAREXTRUSION(#215,#217,#52,7.5102768073645763);
#219=IFCCONNECTIONSURFACEGEOMETRY(#218,$);
#220=IFCCARTESIANPOINTLIST2D(((-0.13616212373055098,-12.87906614800529),(-0.13616212373053985,-2.2957328146718936)));
#221=IFCINDEXEDPOLYCURVE(#220,$,.F.);
#222=IFCARBITRARYOPENPROFILEDEF(.CURVE.,$,#221);
#223=IFCAXIS2PLACEMENT3D(#19,$,$);
#224=IFCSURFACEOFLINEAREXTRUSION(#222,#223,#52,10.);
#225=IFCCONNECTIONSURFACEGEOMETRY(#224,$);
#226=IFCCARTESIANPOINTLIST2D(((-0.13616212373053985,-2.2957328146718941),(-0.13616212373053521,2.1209338519946415)));
#227=IFCINDEXEDPOLYCURVE(#226,$,.F.);
#228=IFCARBITRARYOPENPROFILEDEF(.CURVE.,$,#227);
#229=IFCAXIS2PLACEMENT3D(#19,$,$);
#230=IFCSURFACEOFLINEAREXTRUSION(#228,#229,#52,10.);
#231=IFCCONNECTIONSURFACEGEOMETRY(#230,$);
#232=IFCCARTESIANPOINTLIST2D(((-0.13616212373053924,-1.7123994813385652),(-0.13616212373053568,1.683433851994776)));
#233=IFCINDEXEDPOLYCURVE(#232,$,.F.);
#234=IFCARBITRARYOPENPROFILEDEF(.CURVE.,$,#233);
#235=IFCAXIS2PLACEMENT3D(#19,$,$);
#236=IFCSURFACEOFLINEAREXTRUSION(#234,#235,#52,7.3333333333333339);
#237=IFCCONNECTIONSURFACEGEOMETRY(#236,$);
#238=IFCPROPERTYSINGLEVALUE('Reference',$,IFCIDENTIFIER('Lab 102'),$);
#239=IFCPROPERTYSET('2Tk3mi6kC06Mz2b2u$szZY',#6,'Pset_SpaceCommon',$,(#100,#238));
#240=IFCRELDEFINESBYPROPERTIES('1_jHLoffy5IJnqhjfUxWIm',#6,$,$,(#177),#239);
#241=IFCCARTESIANPOINT((-21.302828790397182,2.3709338519947103,0.));
#242=IFCAXIS2PLACEMENT3D(#241,$,$);
#243=IFCLOCALPLACEMENT(#33,#242);
#244=IFCCARTESIANPOINTLIST3D(((-5.5139539170167186E-016,0.,0.),(47.000000000000064,0.,0.)));
#245=IFCINDEXEDPOLYCURVE(#244,$,.F.);
#246=IFCSHAPEREPRESENTATION(#23,'Axis','Curve3D',(#245));
#247=IFCPRODUCTDEFINITIONSHAPE($,$,(#246,#257));
#248=IFCCARTESIANPOINTLIST2D(((47.000000000000064,-0.25000000000000011),(47.000000000000064,0.24999999999999992),(31.249999999999996,0.24999999999999967),(30.749999999999989,0.24999999999999983),(-8.0736359882634942E-016,0.25),(8.0736359882634942E-016,-0.25),(0.50000000000000078,-0.25000000000000017),(21.166666666666647,-0.25000000000000006),(21.666666666666647,-0.25000000000000022),(47.000000000000064,-0.25000000000000011)));
#249=IFCINDEXEDPOLYCURVE(#248,$,.F.);
#250=IFCARBITRARYCLOSEDPROFILEDEF(.AREA.,$,#249);
#251=IFCAXIS2PLACEMENT3D(#19,$,$);
#252=IFCEXTRUDEDAREASOLID(#250,#251,#52,10.);
#253=IFCCOLOURRGB($,0.75294117647058822,0.75294117647058822,0.75294117647058822);
#254=IFCSURFACESTYLERENDERING(#253,0.,$,$,$,$,IFCNORMALISEDRATIOMEASURE(0.5),IFCSPECULAREXPONENT(10.),.NOTDEFINED.);
#255=IFCSURFACESTYLE('Default Wall',.BOTH.,(#254));
#256=IFCSTYLEDITEM(#252,(#255),$);
#257=IFCSHAPEREPRESENTATION(#24,'Body','SweptSolid',(#252));
#258=IFCWALL('1g_Kadk5T7GQgx4E1vjPt3',#6,'Basic Wall:Generic - 8":1246742',$,$,#243,#247,'1246742',.NOTDEFINED.);
#259=IFCMATERIAL('Default Wall',$,'Miscellaneous');
#260=IFCWALLTYPE('1xZrMVYp52mhf4uMzw11Hk',#6,'Basic Wall:Generic - 8"',$,$,(#273),$,'441451',$,.STANDARD.);
#261=IFCPROPERTYSINGLEVALUE('Reference',$,IFCIDENTIFIER('Basic Wall:Generic - 8"'),$);
#262=IFCPROPERTYSET('3YbCEhjKJTfha8Fc$A$3Nm',#6,'Pset_EnvironmentalImpactIndicators',$,(#261));
#263=IFCPROPERTYSINGLEVALUE('Reference',$,IFCLABEL('Basic Wall:Generic - 8"'),$);
#264=IFCPROPERTYSET('02xsbxXOPYAC0jR3ZWJyom',#6,'Pset_ReinforcementBarPitchOfWall',$,(#263));
#265=IFCPROPERTYSINGLEVALUE('IsExternal',$,IFCBOOLEAN(.T.),$);
#266=IFCPROPERTYSINGLEVALUE('LoadBearing',$,IFCBOOLEAN(.F.),$);
#267=IFCPROPERTYSINGLEVALUE('ExtendToStructure',$,IFCBOOLEAN(.F.),$);
#268=IFCPROPERTYSET('3UVzgvMxh3mrJNGEQanhGs',#6,'Pset_WallCommon',$,(#261,#265,#266,#267));
#269=IFCRELDEFINESBYPROPERTIES('3wAyQrxOT4o4MZxTdHtgA3',#6,$,$,(#258),#262);
#270=IFCRELDEFINESBYPROPERTIES('2sIzfg1DW8$CAZ0zUSs1NL',#6,$,$,(#258),#264);
#271=IFCRELDEFINESBYPROPERTIES('0Lc$tvVVPJ3XupuhzrXfB$',#6,$,$,(#258),#268);
#272=IFCPROPERTYSINGLEVALUE('Description',$,IFCTEXT('Generic Wall (Material By Category), 8" thick'),$);
#273=IFCPROPERTYSET('2L7lvTstnIeeydfwzfZZLR',#6,'Pset_ReinforcementBarPitchOfWall',$,(#272));
#274=IFCCARTESIANPOINT((-21.052828790397207,-13.379066148005222,0.));
#275=IFCAXIS2PLACEMENT3D(#274,#52,#64);
#276=IFCLOCALPLACEMENT(#33,#275);
#277=IFCCARTESIANPOINTLIST3D(((0.,7.8583826303166551E-017,0.),(15.499999999999932,-1.8597995828846837E-016,0.)));
#278=IFCINDEXEDPOLYCURVE(#277,$,.F.);
#279=IFCSHAPEREPRESENTATION(#23,'Axis','Curve3D',(#278));
#280=IFCPRODUCTDEFINITIONSHAPE($,$,(#279,#287));
#281=IFCCARTESIANPOINTLIST2D(((15.499999999999931,-0.25000000000000028),(15.499999999999932,0.24999999999999972),(1.3795111625129606E-015,0.25),(3.9684567688728998E-016,-0.25),(0.50000000000000044,-0.2499999999999992),(15.499999999999931,-0.25000000000000028)));
#282=IFCINDEXEDPOLYCURVE(#281,$,.F.);
#283=IFCARBITRARYCLOSEDPROFILEDEF(.AREA.,$,#282);
#284=IFCAXIS2PLACEMENT3D(#19,$,$);
#285=IFCEXTRUDEDAREASOLID(#283,#284,#52,10.);
#286=IFCSTYLEDITEM(#285,(#255),$);
#287=IFCSHAPEREPRESENTATION(#24,'Body','SweptSolid',(#285));
#288=IFCWALL('1g_Kadk5T7GQgx4E1vjPqI',#6,'Basic Wall:Generic - 8":1246919',$,$,#276,#280,'1246919',.NOTDEFINED.);
#289=IFCPROPERTYSET('3GL3x_mqQH6I1qd90NDRFy',#6,'Pset_EnvironmentalImpactIndicators',$,(#261));
#290=IFCPROPERTYSINGLEVALUE('Reference',$,IFCLABEL('Basic Wall:Generic - 8"'),$);
#291=IFCPROPERTYSET('3FdcoJOkgb0eCdn_81Q7Xs',#6,'Pset_ReinforcementBarPitchOfWall',$,(#290));
#292=IFCPROPERTYSET('3OiDK8QLjQL$fIEBQa3Bwm',#6,'Pset_WallCommon',$,(#261,#265,#266,#267));
#293=IFCRELDEFINESBYPROPERTIES('09SFOhskimZWY4_sc5lFUi',#6,$,$,(#288),#289);
#294=IFCRELDEFINESBYPROPERTIES('29oIt9BKNwQSSQKOuYXFiN',#6,$,$,(#288),#291);
#295=IFCRELDEFINESBYPROPERTIES('1CJVk068Zr2S271TM9lZiS',#6,$,$,(#288),#292);
#296=IFCCARTESIANPOINT((26.197171209602871,-2.2957328146719789,0.));
#297=IFCAXIS2PLACEMENT3D(#296,#52,#109);
#298=IFCLOCALPLACEMENT(#33,#297);
#299=IFCCARTESIANPOINTLIST3D(((-3.1397569834377195E-016,0.,0.),(25.83333333333341,0.,0.)));
#300=IFCINDEXEDPOLYCURVE(#299,$,.F.);
#301=IFCSHAPEREPRESENTATION(#23,'Axis','Curve3D',(#300));
#302=IFCPRODUCTDEFINITIONSHAPE($,$,(#301,#314));
#303=IFCCARTESIANPOINTLIST2D(((8.0795585275946846E-016,-0.25),(0.49999999999999728,-0.25000000000000017),(25.83333333333341,-0.25),(25.83333333333341,0.25),(15.166666666666703,0.24999999999999972),(14.666666666666703,0.24999999999999989),(5.1250000000000666,0.24999999999999969),(4.6250000000000666,0.24999999999999986),(-8.0795585275946846E-016,0.25),(8.0795585275946846E-016,-0.25)));
#304=IFCINDEXEDPOLYCURVE(#303,$,.F.);
#305=IFCARBITRARYCLOSEDPROFILEDEF(.AREA.,$,#304);
#306=IFCAXIS2PLACEMENT3D(#19,$,$);
#307=IFCEXTRUDEDAREASOLID(#305,#306,#52,10.);
#308=IFCSTYLEDITEM(#307,(#255),$);
#309=IFCCARTESIANPOINTLIST3D(((25.83333333333341,0.25,0.),(25.83333333333341,-0.25,0.),(14.250000000000025,-0.25,0.),(14.250000000000028,0.25,0.),(14.666666666666703,0.25,0.),(15.166666666666703,0.25000000000000044,0.),(25.83333333333341,-0.25,10.),(0.49999999999999695,-0.25,10.),(4.9398015441569641E-016,-0.25,10.),(4.9398015441569641E-016,-0.25,0.),(0.50000000000000044,-0.25,0.),(10.916666666666691,-0.25,0.),(10.916666666666691,-0.25,7.333333333333333),(14.250000000000025,-0.25,7.333333333333333),(-1.1219315511032411E-015,0.25,10.),(4.6250000000000666,0.25,10.),(5.1250000000000666,0.25,9.9999999999999982),(14.666666666666702,0.25,10.),(15.166666666666702,0.25,10.),(25.83333333333341,0.25,10.),(14.250000000000023,0.25,7.333333333333333),(10.916666666666691,0.25,7.3333333333333321),(10.916666666666693,0.25,1.3234889800848443E-023),(5.1250000000000666,0.25,6.6174449004242214E-024),(4.6250000000000666,0.25,0.),(-1.1219315511032411E-015,0.25,0.)));
#310=IFCTRIANGULATEDFACESET(#309,$,$,((2,3,6),(6,3,5),(2,6,1),(4,5,3),(10,11,8),(10,8,9),(13,8,11),(13,11,12),(3,2,14),(14,7,8),(7,14,2),(14,8,13),(21,1,6),(21,6,5),(21,5,4),(19,20,21),(18,21,22),(21,18,19),(20,1,21),(22,23,24),(17,24,25),(16,25,26),(22,17,18),(22,24,17),(17,25,16),(26,15,16),(11,10,26),(12,11,24),(25,24,11),(24,23,12),(25,11,26),(7,18,8),(18,7,19),(15,9,8),(8,18,17),(20,19,7),(15,8,16),(8,17,16),(2,1,20),(20,7,2),(15,26,10),(10,9,15),(21,3,14),(3,21,4),(21,14,13),(13,22,21),(22,13,12),(12,23,22)),$);
#311=IFCCOLOURRGBLIST(((0.75294117647058822,0.75294117647058822,0.75294117647058822)));
#312=IFCINDEXEDCOLOURMAP(#310,1.,#311,(1,1,1,1,1,1,1,1,1,1,1,1,1,1,1,1,1,1,1,1,1,1,1,1,1,1,1,1,1,1,1,1,1,1,1,1,1,1,1,1,1,1,1,1,1,1,1,1));
#313=IFCSTYLEDITEM(#310,(#255),$);
#314=IFCSHAPEREPRESENTATION(#24,'Body','Tessellation',(#310));
#315=IFCWALL('1g_Kadk5T7GQgx4E1vjPKb',#6,'Basic Wall:Generic - 8":1249008',$,$,#298,#302,'1249008',.NOTDEFINED.);
#316=IFCPROPERTYSET('2EHUQ2VQUkARVOC4IwJl6L',#6,'Pset_EnvironmentalImpactIndicators',$,(#261));
#317=IFCPROPERTYSINGLEVALUE('Reference',$,IFCLABEL('Basic Wall:Generic - 8"'),$);
#318=IFCPROPERTYSET('1BkczpUU711pgxztCIv$lS',#6,'Pset_ReinforcementBarPitchOfWall',$,(#317));
#319=IFCPROPERTYSET('0DF3Y1ud484kv7ole6Yujb',#6,'Pset_WallCommon',$,(#261,#265,#266,#267));
#320=IFCRELDEFINESBYPROPERTIES('1aEfv9Y5yQpMtMDN0lkdB_',#6,$,$,(#315),#316);
#321=IFCRELDEFINESBYPROPERTIES('09m6SEOnkgRD6UTa_2eJPE',#6,$,$,(#315),#318);
#322=IFCRELDEFINESBYPROPERTIES('28RUz1muZZytBZmVrVM5ty',#6,$,$,(#315),#319);
#323=IFCCARTESIANPOINT((21.322171209602804,-2.5457328146719624,0.));
#324=IFCAXIS2PLACEMENT3D(#323,#52,#117);
#325=IFCLOCALPLACEMENT(#33,#324);
#326=IFCCARTESIANPOINTLIST3D(((0.,8.5912036669041491E-016,0.),(10.916666666666664,2.0144744085767464E-015,0.)));
#327=IFCINDEXEDPOLYCURVE(#326,$,.F.);
#328=IFCSHAPEREPRESENTATION(#23,'Axis','Curve3D',(#327));
#329=IFCPRODUCTDEFINITIONSHAPE($,$,(#328,#336));
#330=IFCCARTESIANPOINTLIST2D(((10.916666666666664,-0.24999999999999883),(10.916666666666664,0.25000000000000117),(1.0831444142684612E-017,0.25),(-1.0831444142684612E-017,-0.25),(10.416666666666668,-0.24999999999999972),(10.916666666666664,-0.24999999999999883)));
#331=IFCINDEXEDPOLYCURVE(#330,$,.F.);
#332=IFCARBITRARYCLOSEDPROFILEDEF(.AREA.,$,#331);
#333=IFCAXIS2PLACEMENT3D(#19,$,$);
#334=IFCEXTRUDEDAREASOLID(#332,#333,#52,10.000000000000002);
#335=IFCSTYLEDITEM(#334,(#255),$);
#336=IFCSHAPEREPRESENTATION(#24,'Body','SweptSolid',(#334));
#337=IFCWALL('1g_Kadk5T7GQgx4E1vjPI6',#6,'Basic Wall:Generic - 8":1249107',$,$,#325,#329,'1249107',.NOTDEFINED.);
#338=IFCPROPERTYSET('2OUGeT2nL5nkr$nCvGStv2',#6,'Pset_EnvironmentalImpactIndicators',$,(#261));
#339=IFCPROPERTYSINGLEVALUE('Reference',$,IFCLABEL('Basic Wall:Generic - 8"'),$);
#340=IFCPROPERTYSET('1wzv9RPG85HWF9oXJrJ47K',#6,'Pset_ReinforcementBarPitchOfWall',$,(#339));
#341=IFCPROPERTYSET('3$QT0jPdTXYWY1t0JpaOZY',#6,'Pset_WallCommon',$,(#261,#265,#266,#267));
#342=IFCRELDEFINESBYPROPERTIES('17pqaAGBXqsO6oCMiWEKCD',#6,$,$,(#337),#338);
#343=IFCRELDEFINESBYPROPERTIES('3RtalpSFWDlfbzdFBbwWKN',#6,$,$,(#337),#340);
#344=IFCRELDEFINESBYPROPERTIES('0xElWWab7UBo4euWinrqHv',#6,$,$,(#337),#341);
#345=IFCCARTESIANPOINT((21.072171209602786,-13.212399481338631,0.));
#346=IFCAXIS2PLACEMENT3D(#345,#52,#109);
#347=IFCLOCALPLACEMENT(#33,#346);
#348=IFCCARTESIANPOINTLIST3D(((-1.2023361194167348E-015,0.,0.),(10.041666666666634,-1.7763568394002505E-015,0.)));
#349=IFCINDEXEDPOLYCURVE(#348,$,.F.);
#350=IFCSHAPEREPRESENTATION(#23,'Axis','Curve3D',(#349));
#351=IFCPRODUCTDEFINITIONSHAPE($,$,(#350,#363));
#352=IFCCARTESIANPOINTLIST2D(((10.041666666666634,-0.25000000000000044),(10.041666666666636,0.24999999999999956),(-8.2942731800790133E-016,0.25),(8.2942731800790133E-016,-0.25),(9.5416666666666359,-0.25000000000000033),(10.041666666666634,-0.25000000000000044)));
#353=IFCINDEXEDPOLYCURVE(#352,$,.F.);
#354=IFCARBITRARYCLOSEDPROFILEDEF(.AREA.,$,#353);
#355=IFCAXIS2PLACEMENT3D(#19,$,$);
#356=IFCEXTRUDEDAREASOLID(#354,#355,#52,10.);
#357=IFCSTYLEDITEM(#356,(#255),$);
#358=IFCCARTESIANPOINTLIST3D(((-3.7290880140883872E-016,-0.25,1.3234889800848443E-023),(9.5416666666666359,-0.25000000000000178,0.),(10.041666666666634,-0.25000000000000178,1.3234889800848443E-023),(10.041666666666634,-0.25000000000000178,10.),(9.5416666666666359,-0.25000000000000178,10.),(-3.7290880140883872E-016,-0.25,10.),(1.4374999999999925,-0.25000000000000178,9.8333333333333428),(8.1041666666666519,-0.25,9.8333333333333428),(8.1041666666666519,-0.25,2.7499999999999991),(1.4374999999999925,-0.25000000000000178,2.75),(-2.0317634374246372E-015,0.25,1.3234889800848443E-023),(-2.0317634374246372E-015,0.25,10.),(10.041666666666634,0.24999999999999822,10.),(10.041666666666634,0.24999999999999822,1.3234889800848443E-023),(1.4374999999999909,0.24999999999999822,9.8333333333333428),(1.4374999999999909,0.24999999999999822,2.7499999999999991),(8.1041666666666519,0.25,2.75),(8.1041666666666519,0.25,9.8333333333333428)));
#359=IFCTRIANGULATEDFACESET(#358,$,$,((1,10,6),(9,10,2),(10,7,6),(6,7,5),(10,1,2),(4,9,3),(5,8,9),(9,4,5),(8,5,7),(9,2,3),(14,17,13),(17,14,11),(13,18,12),(18,13,17),(16,11,12),(11,16,17),(15,12,18),(12,15,16),(2,11,14),(11,2,1),(2,14,3),(5,13,12),(13,5,4),(5,12,6),(4,3,14),(14,13,4),(11,1,6),(6,12,11),(16,15,7),(7,10,16),(17,16,10),(10,9,17),(18,17,9),(9,8,18),(15,18,7),(8,7,18)),$);
#360=IFCCOLOURRGBLIST(((0.75294117647058822,0.75294117647058822,0.75294117647058822)));
#361=IFCINDEXEDCOLOURMAP(#359,1.,#360,(1,1,1,1,1,1,1,1,1,1,1,1,1,1,1,1,1,1,1,1,1,1,1,1,1,1,1,1,1,1,1,1,1,1,1,1));
#362=IFCSTYLEDITEM(#359,(#255),$);
#363=IFCSHAPEREPRESENTATION(#24,'Body','Tessellation',(#359));
#364=IFCWALL('1g_Kadk5T7GQgx4E1vjPGG',#6,'Basic Wall:Generic - 8":1249221',$,$,#347,#351,'1249221',.NOTDEFINED.);
#365=IFCPROPERTYSET('31DcTHkt7iDLBXfOa6f7sM',#6,'Pset_EnvironmentalImpactIndicators',$,(#261));
#366=IFCPROPERTYSINGLEVALUE('Reference',$,IFCLABEL('Basic Wall:Generic - 8"'),$);
#367=IFCPROPERTYSET('0xEUO6uaU_7cQmYPnkKq9s',#6,'Pset_ReinforcementBarPitchOfWall',$,(#366));
#368=IFCPROPERTYSET('3l9VvwbCna_lUO0jA4LK39',#6,'Pset_WallCommon',$,(#261,#265,#266,#267));
#369=IFCRELDEFINESBYPROPERTIES('0XjdoVYfBbJ1LP0Xlk3rxs',#6,$,$,(#364),#365);
#370=IFCRELDEFINESBYPROPERTIES('2kga_q3X5$teBKJeWyoEYr',#6,$,$,(#364),#367);
#371=IFCRELDEFINESBYPROPERTIES('3NrHXt7V5PmDpcx$KRwVqi',#6,$,$,(#364),#368);
#372=IFCCARTESIANPOINT((11.280504542936152,-12.962399481338599,0.));
#373=IFCAXIS2PLACEMENT3D(#372,#52,#64);
#374=IFCLOCALPLACEMENT(#33,#373);
#375=IFCCARTESIANPOINTLIST3D(((0.,2.2390316558400139E-016,0.),(10.41666666666667,1.1866614525871955E-015,0.)));
#376=IFCINDEXEDPOLYCURVE(#375,$,.F.);
#377=IFCSHAPEREPRESENTATION(#23,'Axis','Curve3D',(#376));
#378=IFCPRODUCTDEFINITIONSHAPE($,$,(#377,#385));
#379=IFCCARTESIANPOINTLIST2D(((10.416666666666668,-0.24999999999999903),(10.41666666666667,0.25000000000000094),(1.3695575632017168E-015,0.25000000000000178),(4.0679927619853068E-016,-0.25),(10.416666666666668,-0.24999999999999903)));
#380=IFCINDEXEDPOLYCURVE(#379,$,.F.);
#381=IFCARBITRARYCLOSEDPROFILEDEF(.AREA.,$,#380);
#382=IFCAXIS2PLACEMENT3D(#19,$,$);
#383=IFCEXTRUDEDAREASOLID(#381,#382,#52,10.);
#384=IFCSTYLEDITEM(#383,(#255),$);
#385=IFCSHAPEREPRESENTATION(#24,'Body','SweptSolid',(#383));
#386=IFCWALL('1g_Kadk5T7GQgx4E1vjOlK',#6,'Basic Wall:Generic - 8":1249281',$,$,#374,#378,'1249281',.NOTDEFINED.);
#387=IFCPROPERTYSET('3qnrCDOKi8dchHhBQpQ8sp',#6,'Pset_EnvironmentalImpactIndicators',$,(#261));
#388=IFCPROPERTYSINGLEVALUE('Reference',$,IFCLABEL('Basic Wall:Generic - 8"'),$);
#389=IFCPROPERTYSET('32$NZqOZIRJGWnBLAv_D4w',#6,'Pset_ReinforcementBarPitchOfWall',$,(#388));
#390=IFCPROPERTYSET('3CfNffL5Eb9iwJhZKaF_Ep',#6,'Pset_WallCommon',$,(#261,#265,#266,#267));
#391=IFCRELDEFINESBYPROPERTIES('0TU9LjwZBVMqlyO4FlH5Rf',#6,$,$,(#386),#387);
#392=IFCRELDEFINESBYPROPERTIES('0usxY4SbrfYkaZ$ivqdTh1',#6,$,$,(#386),#389);
#393=IFCRELDEFINESBYPROPERTIES('1C2Utu9LR4gtWMwJEpGWdc',#6,$,$,(#386),#390);
#394=IFCCARTESIANPOINT((0.11383787626946477,2.1209338519946419,0.));
#395=IFCAXIS2PLACEMENT3D(#394,#52,#117);
#396=IFCLOCALPLACEMENT(#33,#395);
#397=IFCCARTESIANPOINTLIST3D(((0.,-4.0030160879321905E-018,0.),(15.499999999999932,1.6071534513983588E-018,0.)));
#398=IFCINDEXEDPOLYCURVE(#397,$,.F.);
#399=IFCSHAPEREPRESENTATION(#23,'Axis','Curve3D',(#398));
#400=IFCPRODUCTDEFINITIONSHAPE($,$,(#399,#412));
#401=IFCCARTESIANPOINTLIST2D(((1.1503800276435145E-015,-0.25),(14.999999999999932,-0.24999999999999997),(15.499999999999932,-0.24999999999999994),(15.499999999999932,0.25),(4.6666666666665373,0.25),(4.1666666666665382,0.25000000000000006),(6.2597681175673599E-016,0.25),(1.1503800276435145E-015,-0.25)));
#402=IFCINDEXEDPOLYCURVE(#401,$,.F.);
#403=IFCARBITRARYCLOSEDPROFILEDEF(.AREA.,$,#402);
#404=IFCAXIS2PLACEMENT3D(#19,$,$);
#405=IFCEXTRUDEDAREASOLID(#403,#404,#52,10.);
#406=IFCSTYLEDITEM(#405,(#255),$);
#407=IFCCARTESIANPOINTLIST3D(((15.499999999999932,0.25,0.),(15.499999999999932,-0.24999999999999994,0.),(14.999999999999932,-0.24999999999999997,0.),(3.8333333333332034,-0.24999999999999997,0.),(3.8333333333332029,0.25,0.),(4.1666666666665346,0.24999999999999997,0.),(4.6666666666665346,0.25,0.),(15.499999999999932,-0.24999999999999994,10.),(14.999999999999932,-0.24999999999999997,10.),(8.8817841970012523E-016,-0.24999999999999994,10.),(0.,-0.24999999999999994,6.6174449004242214E-024),(0.49999999999986944,-0.24999999999999997,1.3234889800848443E-023),(0.49999999999986944,-0.24999999999999997,7.333333333333333),(3.8333333333332029,-0.24999999999999997,7.3333333333333321),(8.8817841970012523E-016,0.25,10.),(4.1666666666665373,0.25000000000000006,10.),(4.6666666666665364,0.25,10.),(15.499999999999932,0.25,10.),(3.8333333333332029,0.25,7.333333333333333),(0.49999999999987033,0.25,7.333333333333333),(0.49999999999986855,0.25,0.),(8.8817841970012523E-016,0.25,-6.6174449004242214E-024)));
#408=IFCTRIANGULATEDFACESET(#407,$,$,((3,4,7),(2,3,1),(6,7,4),(7,1,3),(6,4,5),(11,12,13),(14,10,13),(13,10,11),(3,2,9),(3,9,14),(9,2,8),(14,9,10),(3,14,4),(1,7,19),(18,1,19),(19,17,18),(19,16,17),(7,6,19),(20,21,22),(20,15,16),(15,20,22),(20,16,19),(5,19,6),(12,11,22),(22,21,12),(9,8,18),(10,9,17),(18,17,9),(15,10,16),(16,10,17),(8,2,1),(1,18,8),(22,11,10),(10,15,22),(13,21,20),(21,13,12),(13,20,19),(19,14,13),(14,19,5),(5,4,14)),$);
#409=IFCCOLOURRGBLIST(((0.75294117647058822,0.75294117647058822,0.75294117647058822)));
#410=IFCINDEXEDCOLOURMAP(#408,1.,#409,(1,1,1,1,1,1,1,1,1,1,1,1,1,1,1,1,1,1,1,1,1,1,1,1,1,1,1,1,1,1,1,1,1,1,1,1,1,1,1,1));
#411=IFCSTYLEDITEM(#408,(#255),$);
#412=IFCSHAPEREPRESENTATION(#24,'Body','Tessellation',(#408));
#413=IFCWALL('1g_Kadk5T7GQgx4E1vjOlk',#6,'Basic Wall:Generic - 8":1249339',$,$,#396,#400,'1249339',.NOTDEFINED.);
#414=IFCPROPERTYSET('2_ajT68no17qHdLs2zdYBw',#6,'Pset_EnvironmentalImpactIndicators',$,(#261));
#415=IFCPROPERTYSINGLEVALUE('Reference',$,IFCLABEL('Basic Wall:Generic - 8"'),$);
#416=IFCPROPERTYSET('00CrdVKO0y3rljJ5_d_2tc',#6,'Pset_ReinforcementBarPitchOfWall',$,(#415));
#417=IFCPROPERTYSET('30l0THyENXt3cUNVUGk3nQ',#6,'Pset_WallCommon',$,(#261,#265,#266,#267));
#418=IFCRELDEFINESBYPROPERTIES('1hjo1$7qTsaSlRvD48nZBn',#6,$,$,(#413),#414);
#419=IFCRELDEFINESBYPROPERTIES('3UgTbhxXiyNZd_$11D2PnD',#6,$,$,(#413),#416);
#420=IFCRELDEFINESBYPROPERTIES('1UVH_eLp32XjmAkimTnz5U',#6,$,$,(#413),#417);
#421=IFCCARTESIANPOINT((-0.13616212373054914,-13.12906614800529,0.));
#422=IFCAXIS2PLACEMENT3D(#421,#52,#109);
#423=IFCLOCALPLACEMENT(#33,#422);
#424=IFCCARTESIANPOINTLIST3D(((7.0532735036848763E-018,0.,0.),(20.666666666666657,0.,0.)));
#425=IFCINDEXEDPOLYCURVE(#424,$,.F.);
#426=IFCSHAPEREPRESENTATION(#23,'Axis','Curve3D',(#425));
#427=IFCPRODUCTDEFINITIONSHAPE($,$,(#426,#439));
#428=IFCCARTESIANPOINTLIST2D(((20.666666666666657,-0.25000000000000078),(20.666666666666657,0.24999999999999925),(-3.0278809762504834E-017,0.25),(2.5837917664003648E-015,-0.25),(20.666666666666657,-0.25000000000000078)));
#429=IFCINDEXEDPOLYCURVE(#428,$,.F.);
#430=IFCARBITRARYCLOSEDPROFILEDEF(.AREA.,$,#429);
#431=IFCAXIS2PLACEMENT3D(#19,$,$);
#432=IFCEXTRUDEDAREASOLID(#430,#431,#52,10.);
#433=IFCSTYLEDITEM(#432,(#255),$);
#434=IFCCARTESIANPOINTLIST3D(((2.5908450399040469E-015,-0.25,6.6174449004242214E-024),(20.666666666666657,-0.25,0.),(20.666666666666657,-0.25,10.),(1.591644317741406E-015,-0.25,10.),(18.000000000000004,-0.25,9.8333333333333428),(18.000000000000007,-0.25,2.7499999999999991),(11.333333333333345,-0.25,2.75),(11.333333333333345,-0.25,9.8333333333333428),(7.583333333333341,-0.25,9.8333333333333428),(7.583333333333341,-0.25,2.7499999999999991),(0.91666666666667918,-0.25,2.75),(0.91666666666667918,-0.25,9.8333333333333428),(-2.3225536258823409E-017,0.25,-6.6174449004242214E-024),(1.5310866982163957E-015,0.25,10.),(20.666666666666657,0.25,10.),(20.666666666666657,0.25,-6.6174449004242214E-024),(18.000000000000007,0.25,9.8333333333333428),(11.333333333333345,0.25,9.8333333333333428),(11.333333333333345,0.25,2.7499999999999991),(18.000000000000004,0.25,2.75),(7.5833333333333428,0.25,9.8333333333333428),(0.91666666666667918,0.25,9.8333333333333428),(0.91666666666667918,0.25,2.7499999999999991),(7.5833333333333428,0.25,2.75)));
#435=IFCTRIANGULATEDFACESET(#434,$,$,((1,10,11),(10,1,7),(1,11,4),(4,12,9),(12,4,11),(4,9,8),(10,7,9),(7,2,6),(2,7,1),(6,2,3),(8,5,3),(3,5,6),(8,3,4),(7,8,9),(16,19,20),(19,16,13),(16,20,15),(15,17,18),(17,15,20),(15,18,14),(19,21,18),(24,13,23),(13,24,19),(23,13,14),(21,22,14),(14,22,23),(21,14,18),(24,21,19),(2,1,13),(13,16,2),(4,3,15),(15,14,4),(2,16,15),(15,3,2),(13,1,4),(4,14,13),(6,5,17),(17,20,6),(7,6,20),(20,19,7),(8,7,19),(19,18,8),(5,8,17),(18,17,8),(10,9,21),(21,24,10),(11,10,23),(24,23,10),(12,11,23),(23,22,12),(9,12,22),(22,21,9)),$);
#436=IFCCOLOURRGBLIST(((0.75294117647058822,0.75294117647058822,0.75294117647058822)));
#437=IFCINDEXEDCOLOURMAP(#435,1.,#436,(1,1,1,1,1,1,1,1,1,1,1,1,1,1,1,1,1,1,1,1,1,1,1,1,1,1,1,1,1,1,1,1,1,1,1,1,1,1,1,1,1,1,1,1,1,1,1,1,1,1,1,1));
#438=IFCSTYLEDITEM(#435,(#255),$);
#439=IFCSHAPEREPRESENTATION(#24,'Body','Tessellation',(#435));
#440=IFCWALL('1g_Kadk5T7GQgx4E1vjOj3',#6,'Basic Wall:Generic - 8":1249430',$,$,#423,#427,'1249430',.NOTDEFINED.);
#441=IFCPROPERTYSET('22smtbCNbjcJB8B6shg7Ah',#6,'Pset_EnvironmentalImpactIndicators',$,(#261));
#442=IFCPROPERTYSINGLEVALUE('Reference',$,IFCLABEL('Basic Wall:Generic - 8"'),$);
#443=IFCPROPERTYSET('1IacOQ210Kl1na3iOv3SvB',#6,'Pset_ReinforcementBarPitchOfWall',$,(#442));
#444=IFCPROPERTYSET('2rJdAz1N_bYyqjbReHsWXK',#6,'Pset_WallCommon',$,(#261,#265,#266,#267));
#445=IFCRELDEFINESBYPROPERTIES('0L8syetPBViSo8v98dqq9A',#6,$,$,(#440),#441);
#446=IFCRELDEFINESBYPROPERTIES('3r_N6sVv$T20MB77rezOKP',#6,$,$,(#440),#443);
#447=IFCRELDEFINESBYPROPERTIES('1p$RJsOU7UXLR3hH9q8vJb',#6,$,$,(#440),#444);
#448=IFCCARTESIANPOINT((9.6971712096028106,2.6209338519946095,0.));
#449=IFCAXIS2PLACEMENT3D(#448,#52,#64);
#450=IFCLOCALPLACEMENT(#33,#449);
#451=IFCCARTESIANPOINTLIST3D(((0.,5.6030953223813478E-016,0.),(14.250000000000098,1.6065074253818266E-015,0.)));
#452=IFCINDEXEDPOLYCURVE(#451,$,.F.);
#453=IFCSHAPEREPRESENTATION(#23,'Axis','Curve3D',(#452));
#454=IFCPRODUCTDEFINITIONSHAPE($,$,(#453,#461));
#455=IFCCARTESIANPOINTLIST2D(((14.250000000000098,-0.24999999999999895),(14.250000000000098,0.25000000000000105),(9.3994341962130103E-016,0.25),(-5.1764999921175849E-017,-0.25),(13.750000000000098,-0.24999999999999975),(14.250000000000098,-0.24999999999999895)));
#456=IFCINDEXEDPOLYCURVE(#455,$,.F.);
#457=IFCARBITRARYCLOSEDPROFILEDEF(.AREA.,$,#456);
#458=IFCAXIS2PLACEMENT3D(#19,$,$);
#459=IFCEXTRUDEDAREASOLID(#457,#458,#52,10.);
#460=IFCSTYLEDITEM(#459,(#255),$);
#461=IFCSHAPEREPRESENTATION(#24,'Body','SweptSolid',(#459));
#462=IFCWALL('1g_Kadk5T7GQgx4E1vjOeW',#6,'Basic Wall:Generic - 8":1249781',$,$,#450,#454,'1249781',.NOTDEFINED.);
#463=IFCPROPERTYSET('0NPBO6q6vnVVjT02mSsXX1',#6,'Pset_EnvironmentalImpactIndicators',$,(#261));
#464=IFCPROPERTYSINGLEVALUE('Reference',$,IFCLABEL('Basic Wall:Generic - 8"'),$);
#465=IFCPROPERTYSET('3Vf96eQRlMxOT9tYY6gPiJ',#6,'Pset_ReinforcementBarPitchOfWall',$,(#464));
#466=IFCPROPERTYSET('3iDggF7hetDAJGmKnB$cZ1',#6,'Pset_WallCommon',$,(#261,#265,#266,#267));
#467=IFCRELDEFINESBYPROPERTIES('0v$dMXfc0qk60yqyynZ$RN',#6,$,$,(#462),#463);
#468=IFCRELDEFINESBYPROPERTIES('17Hol$MZ05B9FFlx3lNMtI',#6,$,$,(#462),#465);
#469=IFCRELDEFINESBYPROPERTIES('0UWy1lxHFZ5MPaOLMg32gQ',#6,$,$,(#462),#466);
#470=IFCCARTESIANPOINT((9.947171209602832,16.620933851994703,0.));
#471=IFCAXIS2PLACEMENT3D(#470,$,$);
#472=IFCLOCALPLACEMENT(#33,#471);
#473=IFCCARTESIANPOINTLIST3D(((-6.6307872192918296E-016,0.,0.),(16.250000000000075,3.5527136788005009E-015,0.)));
#474=IFCINDEXEDPOLYCURVE(#473,$,.F.);
#475=IFCSHAPEREPRESENTATION(#23,'Axis','Curve3D',(#474));
#476=IFCPRODUCTDEFINITIONSHAPE($,$,(#475,#483));
#477=IFCCARTESIANPOINTLIST2D(((16.250000000000075,-0.24999999999999697),(16.250000000000071,0.250000000000003),(-8.1153358145189883E-016,0.25000000000000355),(8.115335814518873E-016,-0.25),(15.750000000000068,-0.24999999999999861),(16.250000000000075,-0.24999999999999697)));
#478=IFCINDEXEDPOLYCURVE(#477,$,.F.);
#479=IFCARBITRARYCLOSEDPROFILEDEF(.AREA.,$,#478);
#480=IFCAXIS2PLACEMENT3D(#19,$,$);
#481=IFCEXTRUDEDAREASOLID(#479,#480,#52,10.);
#482=IFCSTYLEDITEM(#481,(#255),$);
#483=IFCSHAPEREPRESENTATION(#24,'Body','SweptSolid',(#481));
#484=IFCWALL('1g_Kadk5T7GQgx4E1vjOc3',#6,'Basic Wall:Generic - 8":1249878',$,$,#472,#476,'1249878',.NOTDEFINED.);
#485=IFCPROPERTYSET('2kJP_IigNYzs0PAiigOsjI',#6,'Pset_EnvironmentalImpactIndicators',$,(#261));
#486=IFCPROPERTYSINGLEVALUE('Reference',$,IFCLABEL('Basic Wall:Generic - 8"'),$);
#487=IFCPROPERTYSET('2pYdd9Vqo7fh4ZfdnsdYPz',#6,'Pset_ReinforcementBarPitchOfWall',$,(#486));
#488=IFCPROPERTYSET('3P8OXsSJ$SRMLOe2m1tWPH',#6,'Pset_WallCommon',$,(#261,#265,#266,#267));
#489=IFCRELDEFINESBYPROPERTIES('0GXLeyh1rSYfqVeshLxw0Q',#6,$,$,(#484),#485);
#490=IFCRELDEFINESBYPROPERTIES('3jrb7nqxrMARiiCQk43GHb',#6,$,$,(#484),#487);
#491=IFCRELDEFINESBYPROPERTIES('0mmTjEFQaI9oruUUD2dQuc',#6,$,$,(#484),#488);
#492=IFCCARTESIANPOINT((25.947171209602903,16.370933851994653,0.));
#493=IFCAXIS2PLACEMENT3D(#492,#52,#117);
#494=IFCLOCALPLACEMENT(#33,#493);
#495=IFCCARTESIANPOINTLIST3D(((0.,-1.6348607383447022E-015,0.),(18.416666666666632,-3.7934715811602016E-015,0.)));
#496=IFCINDEXEDPOLYCURVE(#495,$,.F.);
#497=IFCSHAPEREPRESENTATION(#23,'Axis','Curve3D',(#496));
#498=IFCPRODUCTDEFINITIONSHAPE($,$,(#497,#505));
#499=IFCCARTESIANPOINTLIST2D(((18.416666666666629,-0.25000000000000216),(18.416666666666632,0.24999999999999784),(-4.0473953302790585E-016,0.25),(4.0473953302790585E-016,-0.25),(13.750000000000094,-0.25000000000000261),(14.250000000000098,-0.25000000000000178),(18.416666666666629,-0.25000000000000216)));
#500=IFCINDEXEDPOLYCURVE(#499,$,.F.);
#501=IFCARBITRARYCLOSEDPROFILEDEF(.AREA.,$,#500);
#502=IFCAXIS2PLACEMENT3D(#19,$,$);
#503=IFCEXTRUDEDAREASOLID(#501,#502,#52,10.);
#504=IFCSTYLEDITEM(#503,(#255),$);
#505=IFCSHAPEREPRESENTATION(#24,'Body','SweptSolid',(#503));
#506=IFCWALL('1g_Kadk5T7GQgx4E1vjOa1',#6,'Basic Wall:Generic - 8":1250004',$,$,#494,#498,'1250004',.NOTDEFINED.);
#507=IFCPROPERTYSET('1sOFosC8J50MzIVfOR5Wy1',#6,'Pset_EnvironmentalImpactIndicators',$,(#261));
#508=IFCPROPERTYSINGLEVALUE('Reference',$,IFCLABEL('Basic Wall:Generic - 8"'),$);
#509=IFCPROPERTYSET('0ki8EK7aLWRLBl6PIJRcic',#6,'Pset_ReinforcementBarPitchOfWall',$,(#508));
#510=IFCPROPERTYSET('2cGJcnW9b782vhQWp7lO8X',#6,'Pset_WallCommon',$,(#261,#265,#266,#267));
#511=IFCRELDEFINESBYPROPERTIES('2C_ZZUMueUTEHN3KvPa$V8',#6,$,$,(#506),#507);
#512=IFCRELDEFINESBYPROPERTIES('1ToRV4W28OxaZqnbXoXn34',#6,$,$,(#506),#509);
#513=IFCRELDEFINESBYPROPERTIES('1b1NFlyujOHJiSlv1$fs2R',#6,$,$,(#506),#510);
#514=IFCCARTESIANPOINTLIST3D(((0.37995201771648723,0.24458661417322924,3.3333333333333419),(0.38106993680149159,0.24458661417322924,3.3418247718209573),(0.38434750971831022,0.24458661417322924,3.3497375328084078),(0.38956137528910739,0.24458661417322924,3.3565323747108535),(0.39635621719155312,0.24458661417322924,3.3617462402816503),(0.40426897817900342,0.24458661417322924,3.3650238131984689),(0.412760416666619,0.24458661417322924,3.3661417322834732),(0.42125185515423458,0.24458661417322924,3.3650238131984684),(0.42916461614168488,0.24458661417322924,3.3617462402816498),(0.43595945804413061,0.24458661417322924,3.3565323747108531),(0.44117332361492734,0.24458661417322924,3.3497375328084069),(0.44445089653174596,0.24458661417322924,3.3418247718209568),(0.44556881561675032,0.24458661417322924,3.333333333333341),(0.44445089653174574,0.24458661417322924,3.3248418948457252),(0.44117332361492689,0.24458661417322924,3.3169291338582751),(0.43595945804412994,0.24458661417322924,3.3101342919558294),(0.429164616141684,0.24458661417322924,3.3049204263850327),(0.42125185515423391,0.24458661417322924,3.3016428534682141),(0.41276041666661811,0.24458661417322924,3.3005249343832097),(0.40426897817900276,0.24458661417322924,3.3016428534682145),(0.39635621719155245,0.24458661417322924,3.3049204263850331),(0.38956137528910673,0.24458661417322924,3.3101342919558303),(0.38434750971830978,0.24458661417322924,3.316929133858276),(0.38106993680149137,0.24458661417322924,3.3248418948457261),(0.4455688156167501,0.14616141732283672,3.333333333333341),(0.44445089653174574,0.14616141732283672,3.3248418948457252),(0.44117332361492689,0.14616141732283672,3.3169291338582751),(0.43595945804412972,0.14616141732283672,3.3101342919558294),(0.42916461614168377,0.14616141732283672,3.3049204263850327),(0.42125185515423369,0.14616141732283672,3.3016428534682141),(0.41276041666661811,0.14616141732283672,3.3005249343832097),(0.40426897817900254,0.14616141732283672,3.3016428534682145),(0.39635621719155223,0.14616141732283672,3.3049204263850331),(0.3895613752891065,0.14616141732283672,3.3101342919558303),(0.38434750971830955,0.14616141732283672,3.316929133858276),(0.38106993680149115,0.14616141732283672,3.3248418948457261),(0.37995201771648701,0.14616141732283672,3.3333333333333415),(0.38106993680149137,0.14616141732283672,3.3418247718209573),(0.38434750971831,0.14616141732283672,3.3497375328084074),(0.38956137528910717,0.14616141732283672,3.3565323747108535),(0.3963562171915529,0.14616141732283672,3.3617462402816503),(0.4042689781790032,0.14616141732283672,3.3650238131984689),(0.41276041666661878,0.14616141732283672,3.3661417322834732),(0.42125185515423436,0.14616141732283672,3.3650238131984684),(0.42916461614168444,0.14616141732283672,3.3617462402816498),(0.43595945804413039,0.14616141732283672,3.3565323747108531),(0.44117332361492734,0.14616141732283672,3.3497375328084069),(0.44445089653174596,0.14616141732283672,3.3418247718209568),(0.46197301509183863,0.12975721784774816,3.3333333333333406),(0.46197301509183863,0.12863929876274369,3.3248418948457248),(0.46197301509183863,0.12536172584592498,3.3169291338582747),(0.46197301509183863,0.12014786027512792,3.310134291955829),(0.46197301509183863,0.11335301837268201,3.3049204263850323),(0.46197301509183863,0.10544025738523181,3.3016428534682136),(0.46197301509183863,0.096948818897616196,3.3005249343832093),(0.46197301509183863,0.088457380410000619,3.3016428534682141),(0.46197301509183863,0.080544619422550479,3.3049204263850327),(0.46197301509183863,0.07374977752010467,3.3101342919558299),(0.46197301509183863,0.068535911949307693,3.3169291338582756),(0.46197301509183863,0.065258339032489232,3.3248418948457261),(0.46197301509183863,0.064140419947485039,3.333333333333341),(0.42096251640416282,0.075129149952045393,3.3333333333333415),(0.39094074772104737,0.10515091863516089,3.3333333333333415),(0.45037349440306662,0.13456189663406481,3.333333333333341),(0.4410865394312562,0.069736934233470382,3.333333333333341),(0.38554853196676397,0.12527494179551979,3.3333333333333415),(0.45152977726154742,0.066938677090477738,3.333333333333341),(0.3827502748416256,0.13571817955917825,3.3333333333333415),(0.45675139617669314,0.065539548518981361,3.333333333333341),(0.3813511462790562,0.14093979844100749,3.3333333333333415),(0.40595163206260509,0.09014003429360315,3.3333333333333415),(0.43068144063271352,0.10104030496489891,3.3010233682916836),(0.41685190481666612,0.11486984524340013,3.3010233677507834),(0.38824463984390567,0.11521293021534033,3.3333333333333415),(0.438972300494616,0.084906901842860566,3.3048136707432807),(0.4093644628815809,0.12456077563283102,3.3014311636391001),(0.39626324560232673,0.12660716692705665,3.3068349839339719),(0.44878909928516308,0.12196073042820549,3.3086857132680367),(0.43777232723729709,0.13297750126272184,3.3086857124209672),(0.43408166688687477,0.11827007022763789,3.3020128636738963),(0.41302121181533602,0.098025715651128248,3.3069053892866558),(0.43102452791770962,0.072433042092757888,3.333333333333341),(0.41345707423338407,0.082634592122824257,3.3333333333333415),(0.39844618989182612,0.097645476464382014,3.3333333333333419),(0.46197301509183863,0.065258339032489399,3.3418247718209568),(0.46197301509183863,0.068535911949308026,3.3497375328084069),(0.46197301509183886,0.073749777520105086,3.3565323747108526),(0.46197301509183886,0.080544619422550978,3.3617462402816498),(0.46197301509183886,0.08845738041000123,3.3650238131984684),(0.46197301509183886,0.096948818897616834,3.3661417322834728),(0.46197301509183886,0.1054402573852324,3.3650238131984684),(0.46197301509183886,0.11335301837268254,3.3617462402816494),(0.46197301509183886,0.12014786027512835,3.3565323747108526),(0.46197301509183863,0.12536172584592531,3.3497375328084069),(0.46197301509183863,0.12863929876274385,3.3418247718209564),(0.41685190481629819,0.11486984524300825,3.3656432989158063),(0.43068144063120606,0.10104030496453786,3.3656432983747946),(0.43897230049434044,0.084906901842743326,3.3618529959232841),(0.40936446288151407,0.12456077563273556,3.3652355030275589),(0.3962632456023063,0.12660716692698867,3.3598316827326817),(0.43777232723707171,0.13297750126258673,3.3579809542459458),(0.44878909928519484,0.12196073042822475,3.3579809533986174),(0.43408166688559113,0.1182700702265204,3.3646538029933155),(0.41383731212949537,0.097209615138611372,3.3597612772872703),(0.80646120406824173,0.064140419947485289,3.3333333333333401),(0.80646120406824173,0.065258339032489537,3.3248418948457248),(0.80646120406824173,0.068535911949308026,3.3169291338582747),(0.80646120406824162,0.073749777520105003,3.3101342919558285),(0.80646120406824162,0.080544619422550784,3.3049204263850318),(0.80646120406824162,0.088457380410000896,3.3016428534682132),(0.80646120406824162,0.096948818897616501,3.3005249343832084),(0.80646120406824162,0.10544025738523211,3.3016428534682127),(0.80646120406824162,0.11335301837268233,3.3049204263850314),(0.80646120406824162,0.12014786027512825,3.3101342919558281),(0.80646120406824173,0.12536172584592531,3.3169291338582738),(0.80646120406824173,0.12863929876274399,3.3248418948457243),(0.80646120406824173,0.12975721784774844,3.3333333333333401),(0.80646120406824173,0.1286392987627441,3.3418247718209559),(0.80646120406824173,0.12536172584592553,3.349737532808406),(0.80646120406824184,0.12014786027512853,3.3565323747108518),(0.80646120406824184,0.11335301837268266,3.3617462402816489),(0.80646120406824184,0.10544025738523249,3.3650238131984676),(0.80646120406824184,0.096948818897616917,3.3661417322834719),(0.80646120406824184,0.088457380410001313,3.3650238131984676),(0.80646120406824184,0.080544619422551117,3.3617462402816489),(0.80646120406824184,0.073749777520105281,3.3565323747108518),(0.80646120406824173,0.068535911949308248,3.349737532808406),(0.80646120406824173,0.065258339032489648,3.3418247718209559)));
#515=IFCTRIANGULATEDFACESET(#514,$,$,((22,19,20),(22,20,21),(22,23,24),(19,22,17),(17,22,24),(17,15,16),(17,18,19),(15,13,14),(17,24,15),(15,12,13),(15,24,10),(1,2,3),(3,5,24),(5,10,24),(5,3,4),(10,5,6),(12,10,11),(15,10,12),(10,8,9),(8,10,7),(6,7,10),(1,3,24),(37,1,36),(36,24,35),(33,34,22),(23,34,35),(32,33,21),(24,23,35),(36,1,24),(19,31,20),(32,21,20),(21,33,22),(34,23,22),(32,20,31),(30,18,29),(29,17,28),(26,27,15),(16,27,28),(25,26,14),(18,17,29),(30,19,18),(26,15,14),(15,27,16),(28,17,16),(25,14,13),(31,19,30),(25,13,48),(48,12,47),(45,46,10),(11,46,47),(44,45,9),(12,11,47),(48,13,12),(7,43,8),(44,9,8),(9,45,10),(46,11,10),(44,8,43),(42,6,41),(41,5,40),(38,39,3),(4,39,40),(37,38,2),(6,5,41),(42,7,6),(38,3,2),(3,39,4),(40,5,4),(37,2,1),(43,7,42),(35,70,36),(66,32,77),(79,73,76),(77,74,66),(34,33,66),(34,68,35),(32,66,33),(77,76,63),(30,29,77),(80,72,81),(72,75,62),(32,31,77),(31,30,77),(78,64,49),(76,77,29),(51,78,50),(56,65,82),(60,69,59),(27,79,76),(29,28,76),(80,81,73),(53,75,52),(80,79,64),(81,84,73),(74,77,63),(72,83,81),(56,57,65),(80,73,79),(75,55,82),(82,55,56),(65,58,67),(83,72,62),(57,58,65),(82,62,75),(61,69,60),(80,78,72),(73,84,76),(58,59,67),(26,25,79),(81,83,71),(72,78,51),(68,34,66),(78,49,50),(70,37,36),(72,52,75),(59,69,67),(72,51,52),(35,68,70),(54,75,53),(75,54,55),(76,28,27),(78,80,64),(79,27,26),(63,76,84),(79,25,64),(84,81,71),(66,74,100),(103,101,96),(102,49,64),(47,46,99),(101,99,96),(102,97,94),(99,101,47),(103,96,104),(47,101,48),(103,102,64),(97,103,104),(95,49,102),(38,37,70),(98,97,62),(98,62,82),(68,66,40),(42,100,43),(83,62,97),(41,40,66),(66,42,41),(63,84,99),(82,89,90),(66,100,42),(97,102,103),(101,103,64),(95,102,94),(93,94,97),(40,39,68),(97,104,83),(101,25,48),(67,87,65),(92,98,91),(86,67,69),(39,70,68),(92,93,98),(69,61,85),(98,90,91),(96,84,104),(104,84,71),(65,87,88),(88,89,65),(44,100,45),(65,89,82),(69,85,86),(84,96,99),(98,82,90),(44,43,100),(97,98,93),(87,67,86),(100,74,63),(38,70,39),(99,100,63),(99,46,45),(101,64,25),(100,99,45),(83,104,71),(110,111,108),(109,110,108),(106,107,108),(116,108,111),(108,116,128),(114,115,113),(112,113,115),(112,115,111),(115,116,111),(117,118,116),(106,108,128),(128,116,118),(127,128,126),(125,126,118),(128,118,126),(125,123,124),(119,120,118),(121,118,120),(121,122,125),(125,118,121),(125,122,123),(105,106,128),(105,61,106),(106,60,107),(108,58,109),(107,59,108),(109,57,110),(60,59,107),(106,61,60),(55,111,56),(110,57,56),(57,109,58),(108,59,58),(110,56,111),(53,114,113),(54,113,112),(50,117,116),(51,116,115),(52,115,114),(54,53,113),(112,55,54),(116,51,50),(51,115,52),(114,53,52),(117,50,49),(111,55,112),(118,117,49),(118,95,119),(92,122,121),(93,121,120),(120,119,94),(95,94,119),(118,49,95),(90,123,91),(122,92,91),(92,121,93),(120,94,93),(122,91,123),(87,126,125),(88,125,124),(61,105,128),(86,128,127),(87,127,126),(90,89,124),(89,88,124),(86,127,87),(128,86,85),(128,85,61),(88,87,125),(123,90,124)),$);
#516=IFCCOLOURRGBLIST(((0.95686274509803926,0.96078431372549022,0.96470588235294119)));
#517=IFCINDEXEDCOLOURMAP(#515,1.,#516,(1,1,1,1,1,1,1,1,1,1,1,1,1,1,1,1,1,1,1,1,1,1,1,1,1,1,1,1,1,1,1,1,1,1,1,1,1,1,1,1,1,1,1,1,1,1,1,1,1,1,1,1,1,1,1,1,1,1,1,1,1,1,1,1,1,1,1,1,1,1,1,1,1,1,1,1,1,1,1,1,1,1,1,1,1,1,1,1,1,1,1,1,1,1,1,1,1,1,1,1,1,1,1,1,1,1,1,1,1,1,1,1,1,1,1,1,1,1,1,1,1,1,1,1,1,1,1,1,1,1,1,1,1,1,1,1,1,1,1,1,1,1,1,1,1,1,1,1,1,1,1,1,1,1,1,1,1,1,1,1,1,1,1,1,1,1,1,1,1,1,1,1,1,1,1,1,1,1,1,1,1,1,1,1,1,1,1,1,1,1,1,1,1,1,1,1,1,1,1,1,1,1,1,1,1,1,1,1,1,1,1,1,1,1,1,1,1,1,1,1,1,1,1,1,1,1,1,1,1,1,1,1,1,1,1,1,1,1,1,1,1,1,1,1,1,1,1,1,1,1,1,1));
#518=IFCCOLOURRGB($,0.95686274509803926,0.96078431372549022,0.96470588235294119);
#519=IFCSURFACESTYLERENDERING(#518,0.,$,$,$,$,IFCNORMALISEDRATIOMEASURE(0.5),IFCSPECULAREXPONENT(128.),.NOTDEFINED.);
#520=IFCSURFACESTYLE('Aluminum',.BOTH.,(#519));
#521=IFCSTYLEDITEM(#515,(#520),$);
#522=IFCCARTESIANPOINTLIST3D(((0.30613312007869253,0.24458661417322927,3.3333333333333424),(0.30948687733370539,0.24458661417322927,3.3078590178704959),(0.31931959608416127,0.24458661417322927,3.2841207349081456),(0.33496119279655212,0.24458661417322927,3.2637362092008084),(0.35534571850388952,0.24458661417322927,3.2480946124884178),(0.37908400146623977,0.24458661417322927,3.2382618937379619),(0.40455831692908628,0.24458661417322927,3.2349081364829493),(0.43003263239193279,0.24458661417322927,3.2382618937379619),(0.45377091535428304,0.24458661417322927,3.2480946124884178),(0.47415544106162044,0.24458661417322927,3.2637362092008089),(0.48979703777401129,0.24458661417322927,3.284120734908146),(0.49962975652446695,0.24458661417322927,3.3078590178704963),(0.50298351377947981,0.24458661417322927,3.3333333333333433),(0.49962975652446673,0.24458661417322927,3.3588076487961898),(0.48979703777401085,0.24458661417322927,3.38254593175854),(0.47415544106162,0.24458661417322927,3.4029304574658772),(0.4537709153542826,0.24458661417322927,3.4185720541782683),(0.43003263239193235,0.24458661417322927,3.4284047729287237),(0.40455831692908584,0.24458661417322927,3.4317585301837363),(0.37908400146623933,0.24458661417322927,3.4284047729287233),(0.35534571850388907,0.24458661417322927,3.4185720541782678),(0.33496119279655168,0.24458661417322927,3.4029304574658767),(0.31931959608416083,0.24458661417322927,3.3825459317585391),(0.30948687733370539,0.24458661417322927,3.3588076487961889),(0.30613312007869253,0.27083333333333426,3.3333333333333424),(0.30948687733370539,0.27083333333333426,3.3588076487961889),(0.31931959608416083,0.27083333333333426,3.3825459317585391),(0.33496119279655168,0.27083333333333426,3.4029304574658767),(0.35534571850388907,0.27083333333333426,3.4185720541782678),(0.37908400146623933,0.27083333333333426,3.4284047729287233),(0.40455831692908584,0.27083333333333426,3.4317585301837363),(0.43003263239193235,0.27083333333333426,3.4284047729287237),(0.4537709153542826,0.27083333333333426,3.4185720541782683),(0.47415544106162,0.27083333333333426,3.4029304574658772),(0.48979703777401085,0.27083333333333426,3.38254593175854),(0.49962975652446673,0.27083333333333426,3.3588076487961898),(0.50298351377947981,0.27083333333333426,3.3333333333333428),(0.49962975652446695,0.27083333333333426,3.3078590178704963),(0.48979703777401129,0.27083333333333426,3.284120734908146),(0.47415544106162044,0.27083333333333426,3.2637362092008089),(0.45377091535428304,0.27083333333333426,3.2480946124884178),(0.43003263239193279,0.27083333333333426,3.2382618937379619),(0.40455831692908628,0.27083333333333426,3.2349081364829493),(0.37908400146623977,0.27083333333333426,3.2382618937379619),(0.35534571850388952,0.27083333333333426,3.2480946124884178),(0.33496119279655212,0.27083333333333426,3.2637362092008084),(0.31931959608416127,0.27083333333333426,3.2841207349081456),(0.30948687733370539,0.27083333333333426,3.3078590178704959)));
#523=IFCTRIANGULATEDFACESET(#522,$,$,((16,17,18),(13,16,18),(16,13,14),(15,16,14),(24,13,18),(20,21,19),(24,19,21),(22,23,21),(24,21,23),(24,18,19),(24,1,13),(13,10,11),(13,8,10),(1,8,13),(9,10,8),(7,8,5),(2,3,1),(3,8,1),(4,5,3),(3,5,8),(5,6,7),(11,12,13),(43,25,42),(41,42,40),(39,40,37),(37,42,25),(37,40,42),(46,47,45),(43,44,45),(48,25,47),(43,45,47),(43,47,25),(38,39,37),(36,37,34),(35,36,34),(32,33,34),(37,32,34),(26,32,37),(28,29,27),(26,27,29),(30,31,29),(26,29,31),(31,32,26),(25,26,37),(25,24,26),(26,23,27),(29,28,21),(22,28,27),(30,29,20),(24,23,26),(25,1,24),(29,21,20),(21,28,22),(27,23,22),(30,20,19),(19,31,30),(31,18,32),(32,17,33),(35,34,15),(16,34,33),(36,35,14),(17,16,33),(32,18,17),(36,14,13),(14,35,15),(34,16,15),(36,13,37),(19,18,31),(37,12,38),(38,11,39),(41,40,9),(10,40,39),(42,41,8),(12,11,38),(37,13,12),(41,9,8),(9,40,10),(39,11,10),(42,8,7),(7,43,42),(43,6,44),(44,5,45),(47,46,3),(4,46,45),(48,47,2),(5,4,45),(44,6,5),(48,2,1),(2,47,3),(46,4,3),(48,1,25),(7,6,43)),$);
#524=IFCCOLOURRGBLIST(((0.95686274509803926,0.96078431372549022,0.96470588235294119)));
#525=IFCINDEXEDCOLOURMAP(#523,1.,#524,(1,1,1,1,1,1,1,1,1,1,1,1,1,1,1,1,1,1,1,1,1,1,1,1,1,1,1,1,1,1,1,1,1,1,1,1,1,1,1,1,1,1,1,1,1,1,1,1,1,1,1,1,1,1,1,1,1,1,1,1,1,1,1,1,1,1,1,1,1,1,1,1,1,1,1,1,1,1,1,1,1,1,1,1,1,1,1,1,1,1,1,1));
#526=IFCSTYLEDITEM(#523,(#520),$);
#527=IFCCARTESIANPOINTLIST3D(((0.37995201771648723,0.44291338582676898,3.3333333333333415),(0.38106993680149159,0.44291338582676898,3.3248418948457261),(0.38434750971831,0.44291338582676898,3.316929133858276),(0.38956137528910695,0.44291338582676898,3.3101342919558303),(0.39635621719155267,0.44291338582676898,3.3049204263850331),(0.40426897817900276,0.44291338582676898,3.3016428534682145),(0.41276041666661856,0.44291338582676898,3.3005249343832097),(0.42125185515423391,0.44291338582676898,3.3016428534682141),(0.42916461614168422,0.44291338582676898,3.3049204263850327),(0.43595945804413017,0.44291338582676898,3.3101342919558294),(0.44117332361492734,0.44291338582676898,3.3169291338582751),(0.44445089653174596,0.44291338582676898,3.3248418948457252),(0.44556881561675032,0.44291338582676898,3.333333333333341),(0.44445089653174619,0.44291338582676898,3.3418247718209568),(0.44117332361492778,0.44291338582676898,3.3497375328084069),(0.43595945804413061,0.44291338582676898,3.3565323747108531),(0.42916461614168488,0.44291338582676898,3.3617462402816498),(0.4212518551542348,0.44291338582676898,3.3650238131984684),(0.41276041666661922,0.44291338582676898,3.3661417322834732),(0.40426897817900365,0.44291338582676898,3.3650238131984689),(0.39635621719155356,0.44291338582676898,3.3617462402816503),(0.38956137528910739,0.44291338582676898,3.3565323747108535),(0.38434750971831044,0.44291338582676898,3.3497375328084078),(0.38106993680149159,0.44291338582676898,3.3418247718209573),(0.37995201771648746,0.54133858267716151,3.3333333333333419),(0.38106993680149159,0.54133858267716151,3.3248418948457261),(0.38434750971831,0.54133858267716151,3.316929133858276),(0.38956137528910695,0.54133858267716151,3.3101342919558303),(0.39635621719155267,0.54133858267716151,3.3049204263850331),(0.40426897817900298,0.54133858267716151,3.3016428534682145),(0.41276041666661856,0.54133858267716151,3.3005249343832097),(0.42125185515423413,0.54133858267716151,3.3016428534682141),(0.42916461614168422,0.54133858267716151,3.3049204263850327),(0.43595945804413017,0.54133858267716151,3.3101342919558294),(0.44117332361492734,0.54133858267716151,3.3169291338582751),(0.44445089653174619,0.54133858267716151,3.3248418948457252),(0.44556881561675055,0.54133858267716151,3.333333333333341),(0.44445089653174641,0.54133858267716151,3.3418247718209568),(0.44117332361492778,0.54133858267716151,3.3497375328084069),(0.43595945804413083,0.54133858267716151,3.3565323747108531),(0.42916461614168488,0.54133858267716151,3.3617462402816498),(0.4212518551542348,0.54133858267716151,3.3650238131984684),(0.41276041666661922,0.54133858267716151,3.3661417322834732),(0.40426897817900365,0.54133858267716151,3.3650238131984689),(0.39635621719155334,0.54133858267716151,3.3617462402816503),(0.38956137528910761,0.54133858267716151,3.3565323747108535),(0.38434750971831044,0.54133858267716151,3.3497375328084074),(0.38106993680149182,0.54133858267716151,3.3418247718209573),(0.46197301509183886,0.55774278215225004,3.333333333333341),(0.45037349440306684,0.5529381033659333,3.333333333333341),(0.39094074772104759,0.58234908136483732,3.3333333333333415),(0.42096251640416305,0.61237085004795277,3.3333333333333415),(0.46197301509183886,0.62335958005251313,3.333333333333341),(0.46197301509183886,0.62224166096750899,3.3248418948457261),(0.46197301509183886,0.61896408805069048,3.3169291338582756),(0.46197301509183863,0.61375022247989341,3.3101342919558299),(0.46197301509183886,0.60695538057744769,3.3049204263850327),(0.46197301509183886,0.5990426195899976,3.3016428534682141),(0.46197301509183886,0.59055118110238203,3.3005249343832093),(0.46197301509183886,0.58205974261476634,3.3016428534682136),(0.46197301509183886,0.57414698162731614,3.3049204263850323),(0.46197301509183886,0.5673521397248702,3.310134291955829),(0.46197301509183886,0.56213827415407325,3.3169291338582747),(0.46197301509183886,0.55886070123725451,3.3248418948457248),(0.38554853196676442,0.56222505820447832,3.3333333333333415),(0.44108653943125642,0.61776306576652784,3.3333333333333415),(0.3827502748416256,0.55178182044081991,3.333333333333341),(0.45152977726154764,0.62056132290952049,3.333333333333341),(0.38135114627905642,0.54656020155899077,3.3333333333333419),(0.45675139617669314,0.62196045148101686,3.333333333333341),(0.40595163206260532,0.59735996570639505,3.3333333333333415),(0.43068144063271374,0.58645969503509932,3.3010233682916836),(0.41685190481666634,0.57263015475659806,3.3010233677507834),(0.38824463984390589,0.57228706978465782,3.3333333333333415),(0.43897230049461622,0.60259309815713769,3.3048136707432807),(0.40936446288158113,0.56293922436716715,3.3014311636391001),(0.39626324560232695,0.56089283307294147,3.3068349839339719),(0.44878909928516331,0.56553926957179257,3.3086857132680367),(0.43777232723729731,0.55452249873727633,3.3086857124209672),(0.43408166688687477,0.56922992977236064,3.3020128636738959),(0.41302121181533602,0.58947428434886995,3.3069053892866558),(0.43102452791770984,0.61506695790724031,3.3333333333333415),(0.41345707423338407,0.60486540787717391,3.3333333333333415),(0.39844618989182656,0.58985452353561607,3.3333333333333415),(0.46197301509183886,0.5588607012372544,3.3418247718209564),(0.46197301509183886,0.5621382741540728,3.3497375328084069),(0.46197301509183908,0.56735213972486975,3.3565323747108526),(0.46197301509183908,0.5741469816273157,3.3617462402816494),(0.46197301509183908,0.58205974261476578,3.3650238131984684),(0.46197301509183908,0.59055118110238136,3.3661417322834728),(0.46197301509183908,0.59904261958999694,3.3650238131984684),(0.46197301509183908,0.60695538057744725,3.3617462402816498),(0.46197301509183908,0.61375022247989308,3.3565323747108526),(0.46197301509183886,0.61896408805069014,3.3497375328084069),(0.46197301509183886,0.62224166096750877,3.3418247718209568),(0.41685190481629841,0.57263015475698986,3.3656432989158063),(0.4306814406312065,0.58645969503546036,3.3656432983747946),(0.43897230049434066,0.60259309815725481,3.3618529959232841),(0.40936446288151429,0.56293922436726263,3.3652355030275589),(0.39626324560230652,0.56089283307300952,3.3598316827326817),(0.43777232723707193,0.55452249873741155,3.3579809542459458),(0.44878909928519506,0.56553926957177336,3.3579809533986174),(0.43408166688559136,0.56922992977347775,3.3646538029933155),(0.41383731212949559,0.59029038486138674,3.3597612772872703),(0.80646120406824195,0.62335958005251291,3.3333333333333401),(0.80646120406824195,0.62224166096750855,3.3418247718209559),(0.80646120406824195,0.61896408805068992,3.349737532808406),(0.80646120406824207,0.61375022247989297,3.3565323747108518),(0.80646120406824207,0.60695538057744702,3.3617462402816489),(0.80646120406824207,0.59904261958999694,3.3650238131984676),(0.80646120406824207,0.59055118110238136,3.3661417322834719),(0.80646120406824207,0.58205974261476578,3.3650238131984676),(0.80646120406824207,0.57414698162731548,3.3617462402816489),(0.80646120406824207,0.56735213972486975,3.3565323747108518),(0.80646120406824195,0.56213827415407269,3.349737532808406),(0.80646120406824195,0.55886070123725418,3.3418247718209559),(0.80646120406824195,0.55774278215224982,3.3333333333333397),(0.80646120406824195,0.55886070123725418,3.3248418948457243),(0.80646120406824195,0.56213827415407291,3.3169291338582738),(0.80646120406824184,0.56735213972486997,3.3101342919558281),(0.80646120406824184,0.57414698162731592,3.3049204263850314),(0.80646120406824184,0.58205974261476612,3.3016428534682127),(0.80646120406824184,0.59055118110238181,3.3005249343832084),(0.80646120406824184,0.59904261958999738,3.3016428534682132),(0.80646120406824184,0.60695538057744747,3.3049204263850318),(0.80646120406824184,0.61375022247989319,3.3101342919558285),(0.80646120406824195,0.61896408805069014,3.3169291338582747),(0.80646120406824195,0.62224166096750877,3.3248418948457248)));
#528=IFCTRIANGULATEDFACESET(#527,$,$,((6,7,4),(5,6,4),(2,3,4),(9,4,7),(2,4,9),(10,11,9),(7,8,9),(12,13,11),(11,2,9),(13,14,11),(16,2,11),(23,24,1),(2,21,23),(2,16,21),(22,23,21),(20,21,16),(15,16,14),(14,16,11),(17,18,16),(19,16,18),(16,19,20),(2,23,1),(26,1,25),(27,2,26),(4,28,29),(27,28,3),(5,29,30),(27,3,2),(2,1,26),(6,31,7),(6,5,30),(4,29,5),(4,3,28),(31,6,30),(33,8,32),(34,9,33),(11,35,36),(34,35,10),(12,36,37),(33,9,8),(8,7,32),(12,11,36),(10,35,11),(10,9,34),(13,12,37),(32,7,31),(38,13,37),(39,14,38),(16,40,41),(39,40,15),(17,41,42),(39,15,14),(14,13,38),(18,43,19),(18,17,42),(16,41,17),(16,15,40),(43,18,42),(45,20,44),(46,21,45),(23,47,48),(46,47,22),(24,48,25),(45,21,20),(20,19,44),(24,23,48),(22,47,23),(22,21,46),(1,24,25),(44,19,43),(26,69,27),(77,30,65),(76,73,79),(65,74,77),(65,29,28),(27,67,28),(29,65,30),(51,76,77),(77,33,32),(81,72,80),(52,75,72),(77,31,30),(77,32,31),(49,50,78),(33,77,76),(64,78,63),(82,66,58),(26,25,69),(76,79,35),(76,34,33),(73,81,80),(62,75,61),(50,79,80),(73,84,81),(51,77,74),(81,83,72),(66,57,58),(79,73,80),(82,59,75),(58,59,82),(68,56,66),(52,72,83),(66,56,57),(75,52,82),(54,70,53),(72,78,80),(76,84,73),(65,28,67),(79,37,36),(71,83,81),(63,78,72),(68,55,56),(64,49,78),(55,70,54),(75,62,72),(69,67,27),(62,63,72),(68,70,55),(61,75,60),(59,60,75),(35,34,76),(50,80,78),(36,35,79),(84,76,51),(50,37,79),(71,81,84),(100,74,65),(96,101,103),(50,49,102),(99,40,39),(96,99,101),(86,97,102),(39,101,99),(104,96,103),(38,101,39),(50,102,103),(104,103,97),(102,49,85),(69,25,48),(52,97,98),(82,52,98),(46,65,67),(43,100,44),(97,52,83),(65,46,45),(45,44,65),(99,84,51),(90,91,82),(44,100,65),(103,102,97),(50,103,101),(86,102,85),(97,86,87),(66,93,68),(83,104,97),(38,37,101),(67,47,46),(89,98,88),(67,69,47),(70,68,94),(98,87,88),(47,69,48),(89,90,98),(104,84,96),(71,84,104),(92,93,66),(66,91,92),(41,100,42),(82,91,66),(94,95,70),(99,96,84),(90,82,98),(100,43,42),(87,98,97),(94,68,93),(51,74,100),(95,53,70),(51,100,99),(41,40,99),(37,50,101),(41,99,100),(71,104,83),(126,123,124),(126,124,125),(126,127,128),(123,126,118),(106,118,126),(121,119,120),(119,121,122),(123,119,122),(123,118,119),(118,116,117),(106,126,128),(116,118,106),(108,106,107),(116,108,109),(108,116,106),(110,111,109),(116,114,115),(114,116,113),(109,112,113),(113,116,109),(111,112,109),(106,128,105),(128,53,105),(127,54,128),(125,56,126),(126,55,127),(124,57,125),(127,55,54),(54,53,128),(58,123,59),(58,57,124),(56,125,57),(56,55,126),(123,58,124),(121,120,61),(122,121,60),(118,117,64),(119,118,63),(120,119,62),(121,61,60),(60,59,122),(64,63,118),(62,119,63),(62,61,120),(49,64,117),(122,59,123),(49,117,116),(115,85,116),(113,112,88),(114,113,87),(86,115,114),(115,86,85),(85,49,116),(89,111,90),(89,88,112),(87,113,88),(87,86,114),(111,89,112),(109,108,93),(110,109,92),(106,105,53),(107,106,94),(108,107,93),(110,91,90),(110,92,91),(93,107,94),(95,94,106),(53,95,106),(109,93,92),(110,90,111)),$);
#529=IFCCOLOURRGBLIST(((0.95686274509803926,0.96078431372549022,0.96470588235294119)));
#530=IFCINDEXEDCOLOURMAP(#528,1.,#529,(1,1,1,1,1,1,1,1,1,1,1,1,1,1,1,1,1,1,1,1,1,1,1,1,1,1,1,1,1,1,1,1,1,1,1,1,1,1,1,1,1,1,1,1,1,1,1,1,1,1,1,1,1,1,1,1,1,1,1,1,1,1,1,1,1,1,1,1,1,1,1,1,1,1,1,1,1,1,1,1,1,1,1,1,1,1,1,1,1,1,1,1,1,1,1,1,1,1,1,1,1,1,1,1,1,1,1,1,1,1,1,1,1,1,1,1,1,1,1,1,1,1,1,1,1,1,1,1,1,1,1,1,1,1,1,1,1,1,1,1,1,1,1,1,1,1,1,1,1,1,1,1,1,1,1,1,1,1,1,1,1,1,1,1,1,1,1,1,1,1,1,1,1,1,1,1,1,1,1,1,1,1,1,1,1,1,1,1,1,1,1,1,1,1,1,1,1,1,1,1,1,1,1,1,1,1,1,1,1,1,1,1,1,1,1,1,1,1,1,1,1,1,1,1,1,1,1,1,1,1,1,1,1,1,1,1,1,1,1,1,1,1,1,1,1,1,1,1,1,1,1,1));
#531=IFCSTYLEDITEM(#528,(#520),$);
#532=IFCCARTESIANPOINTLIST3D(((0.30613312007869276,0.44291338582676898,3.3333333333333424),(0.30948687733370561,0.44291338582676898,3.3588076487961889),(0.31931959608416127,0.44291338582676898,3.3825459317585391),(0.3349611927965519,0.44291338582676898,3.4029304574658767),(0.35534571850388907,0.44291338582676898,3.4185720541782678),(0.37908400146623933,0.44291338582676898,3.4284047729287233),(0.40455831692908584,0.44291338582676898,3.4317585301837363),(0.43003263239193235,0.44291338582676898,3.4284047729287237),(0.45377091535428282,0.44291338582676898,3.4185720541782683),(0.47415544106162022,0.44291338582676898,3.4029304574658772),(0.48979703777401129,0.44291338582676898,3.38254593175854),(0.49962975652446695,0.44291338582676898,3.3588076487961898),(0.50298351377948003,0.44291338582676898,3.3333333333333428),(0.49962975652446717,0.44291338582676898,3.3078590178704963),(0.48979703777401151,0.44291338582676898,3.284120734908146),(0.47415544106162066,0.44291338582676898,3.2637362092008089),(0.45377091535428349,0.44291338582676898,3.2480946124884178),(0.43003263239193301,0.44291338582676898,3.2382618937379619),(0.4045583169290865,0.44291338582676898,3.2349081364829493),(0.37908400146623999,0.44291338582676898,3.2382618937379619),(0.35534571850388974,0.44291338582676898,3.2480946124884178),(0.33496119279655234,0.44291338582676898,3.2637362092008084),(0.31931959608416149,0.44291338582676898,3.2841207349081456),(0.30948687733370583,0.44291338582676898,3.3078590178704959),(0.30613312007869276,0.41666666666666397,3.3333333333333424),(0.30948687733370583,0.41666666666666397,3.3078590178704959),(0.31931959608416149,0.41666666666666397,3.2841207349081456),(0.33496119279655234,0.41666666666666397,3.2637362092008084),(0.35534571850388974,0.41666666666666397,3.2480946124884178),(0.37908400146623999,0.41666666666666397,3.2382618937379619),(0.4045583169290865,0.41666666666666397,3.2349081364829493),(0.43003263239193301,0.41666666666666397,3.2382618937379619),(0.45377091535428349,0.41666666666666397,3.2480946124884178),(0.47415544106162066,0.41666666666666397,3.2637362092008089),(0.48979703777401151,0.41666666666666397,3.284120734908146),(0.49962975652446717,0.41666666666666397,3.3078590178704963),(0.50298351377948003,0.41666666666666397,3.3333333333333433),(0.49962975652446695,0.41666666666666397,3.3588076487961898),(0.48979703777401129,0.41666666666666397,3.38254593175854),(0.47415544106162022,0.41666666666666397,3.4029304574658772),(0.45377091535428282,0.41666666666666397,3.4185720541782683),(0.43003263239193235,0.41666666666666397,3.4284047729287237),(0.40455831692908584,0.41666666666666397,3.4317585301837363),(0.37908400146623933,0.41666666666666397,3.4284047729287233),(0.35534571850388907,0.41666666666666397,3.4185720541782678),(0.3349611927965519,0.41666666666666397,3.4029304574658767),(0.31931959608416127,0.41666666666666397,3.3825459317585391),(0.30948687733370561,0.41666666666666397,3.3588076487961889)));
#533=IFCTRIANGULATEDFACESET(#532,$,$,((8,9,10),(8,10,13),(12,13,10),(12,10,11),(7,8,1),(7,5,6),(5,7,2),(5,3,4),(3,5,2),(2,7,1),(1,8,13),(15,16,13),(16,18,13),(13,18,1),(18,16,17),(21,18,19),(1,23,24),(1,18,23),(23,21,22),(18,21,23),(19,20,21),(13,14,15),(32,25,31),(34,32,33),(37,34,35),(25,32,37),(32,34,37),(29,27,28),(29,30,31),(27,25,26),(27,29,31),(25,27,31),(37,35,36),(40,37,38),(40,38,39),(40,41,42),(40,42,37),(37,42,48),(47,45,46),(45,47,48),(45,43,44),(43,45,48),(48,42,43),(37,48,25),(48,2,25),(47,3,48),(5,46,45),(47,46,4),(6,45,44),(48,3,2),(2,1,25),(6,5,45),(4,46,5),(4,3,47),(7,6,44),(44,43,7),(42,8,43),(41,9,42),(11,40,39),(41,40,10),(12,39,38),(41,10,9),(9,8,42),(13,12,38),(11,39,12),(11,10,40),(37,13,38),(43,8,7),(36,14,37),(35,15,36),(17,34,33),(35,34,16),(18,33,32),(36,15,14),(14,13,37),(18,17,33),(16,34,17),(16,15,35),(19,18,32),(32,31,19),(30,20,31),(29,21,30),(23,28,27),(29,28,22),(24,27,26),(29,22,21),(21,20,30),(1,24,26),(23,27,24),(23,22,28),(25,1,26),(31,20,19)),$);
#534=IFCCOLOURRGBLIST(((0.95686274509803926,0.96078431372549022,0.96470588235294119)));
#535=IFCINDEXEDCOLOURMAP(#533,1.,#534,(1,1,1,1,1,1,1,1,1,1,1,1,1,1,1,1,1,1,1,1,1,1,1,1,1,1,1,1,1,1,1,1,1,1,1,1,1,1,1,1,1,1,1,1,1,1,1,1,1,1,1,1,1,1,1,1,1,1,1,1,1,1,1,1,1,1,1,1,1,1,1,1,1,1,1,1,1,1,1,1,1,1,1,1,1,1,1,1,1,1,1,1));
#536=IFCSTYLEDITEM(#533,(#520),$);
#537=IFCCARTESIANPOINTLIST3D(((3.1666666666666612,0.25520833333333798,-1.6875389974302379E-014),(3.1666666666666612,0.41666666666667168,-1.6875389974302379E-014),(3.3333333333333295,0.41666666666667168,-1.6875389974302379E-014),(3.3333333333333295,-0.062499999999995837,-1.6875389974302379E-014),(3.1666666666666616,-0.062499999999995837,-1.6875389974302379E-014),(3.1666666666666616,0.09895833333333709,-1.6875389974302379E-014),(3.1145833333333277,0.09895833333333709,-1.6875389974302379E-014),(3.1145833333333277,0.25520833333333798,-1.6875389974302379E-014),(3.1666666666666607,0.25520833333333798,7.0000000000000071),(3.1666666666666607,0.41666666666667168,7.0000000000000062),(0.1666666666666714,0.41666666666667168,7.0000000000000071),(0.1666666666666714,0.41666666666667168,1.5987211535695271E-014),(3.5527136788005009E-015,0.41666666666667168,1.5987211541997595E-014),(4.4408920985006262E-016,0.41666666666667168,7.3333333333333339),(3.333333333333333,0.41666666666667168,7.3333333333333339),(3.3333333333333295,-0.062500000000000722,7.3333333333333339),(6.6613381477509392E-016,-0.062499999999995948,7.3333333333333339),(4.2188474935755949E-015,-0.062499999999995837,1.5987211571530603E-014),(0.16666666666667118,-0.062499999999995837,1.5987211560758014E-014),(0.16666666666667118,-0.062499999999995948,7.0000000000000071),(3.1666666666666616,-0.062499999999995948,7.0000000000000071),(3.1666666666666616,0.09895833333333709,7.0000000000000071),(0.16666666666667163,0.09895833333333709,7.0000000000000071),(0.16666666666667163,0.09895833333333709,1.5987211541367364E-014),(0.21875000000000555,0.09895833333333709,1.5987211541367364E-014),(0.21875000000000555,0.09895833333333709,6.9479166666666732),(3.1145833333333277,0.09895833333333709,6.9479166666666732),(3.1145833333333277,0.25520833333333798,6.9479166666666732),(0.21875000000000466,0.25520833333333798,6.9479166666666741),(0.21875000000000466,0.25520833333333798,1.5987211554602254E-014),(0.16666666666667163,0.25520833333333798,1.5987211554602254E-014),(0.16666666666667163,0.25520833333333798,7.0000000000000071)));
#538=IFCTRIANGULATEDFACESET(#537,$,$,((4,1,3),(2,3,1),(1,6,8),(1,4,6),(5,6,4),(8,6,7),(2,1,10),(9,10,1),(12,13,11),(3,2,10),(11,14,10),(14,11,13),(10,15,3),(15,10,14),(4,3,15),(15,16,4),(5,4,21),(18,19,20),(21,16,20),(16,21,4),(20,17,18),(17,20,16),(6,5,21),(21,22,6),(7,6,27),(24,25,26),(27,22,26),(22,27,6),(26,23,24),(23,26,22),(8,7,28),(27,28,7),(30,31,29),(1,8,28),(29,32,28),(32,29,31),(28,9,1),(9,28,32),(10,9,11),(32,11,9),(22,21,20),(20,23,22),(28,27,26),(26,29,28),(13,31,18),(31,13,12),(30,24,31),(24,18,31),(18,24,19),(25,24,30),(11,32,31),(31,12,11),(17,14,18),(13,18,14),(23,20,19),(19,24,23),(29,26,25),(25,30,29),(16,15,17),(14,17,15)),$);
#539=IFCCOLOURRGBLIST(((0.69803921568627447,0.69803921568627447,0.69803921568627447)));
#540=IFCINDEXEDCOLOURMAP(#538,1.,#539,(1,1,1,1,1,1,1,1,1,1,1,1,1,1,1,1,1,1,1,1,1,1,1,1,1,1,1,1,1,1,1,1,1,1,1,1,1,1,1,1,1,1,1,1,1,1,1,1,1,1,1,1,1,1,1,1,1,1,1,1));
#541=IFCCOLOURRGB($,0.69803921568627447,0.69803921568627447,0.69803921568627447);
#542=IFCSURFACESTYLERENDERING(#541,0.,$,$,$,$,IFCNORMALISEDRATIOMEASURE(0.5),IFCSPECULAREXPONENT(128.),.NOTDEFINED.);
#543=IFCSURFACESTYLE('Metal - Paint Finish - Grey',.BOTH.,(#542));
#544=IFCSTYLEDITEM(#538,(#543),$);
#545=IFCCARTESIANPOINTLIST3D(((0.16666666666666563,0.27083333333332937,7.000000000000008),(0.16666666666666563,0.27083333333332937,-3.2862601528904634E-014),(3.1666666666666652,0.27083333333332937,-3.2862601528904634E-014),(3.1666666666666652,0.27083333333332937,7.0000000000000089),(0.16666666666666563,0.41666666666666152,7.000000000000008),(3.1666666666666652,0.41666666666666152,7.0000000000000089),(3.1666666666666652,0.41666666666666152,-3.2862601528904634E-014),(0.16666666666666563,0.41666666666666152,-3.2862601528904634E-014)));
#546=IFCTRIANGULATEDFACESET(#545,$,$,((4,1,3),(2,3,1),(7,8,5),(5,6,7),(2,1,5),(5,8,2),(3,2,8),(8,7,3),(4,3,7),(7,6,4),(1,4,6),(6,5,1)),$);
#547=IFCCOLOURRGBLIST(((0.67843137254901964,0.51764705882352946,0.37647058823529411)));
#548=IFCINDEXEDCOLOURMAP(#546,1.,#547,(1,1,1,1,1,1,1,1,1,1,1,1));
#549=IFCCOLOURRGB($,0.67843137254901964,0.51764705882352946,0.37647058823529411);
#550=IFCSURFACESTYLERENDERING(#549,0.,$,$,$,$,IFCNORMALISEDRATIOMEASURE(0.5),IFCSPECULAREXPONENT(64.),.NOTDEFINED.);
#551=IFCSURFACESTYLE('Wood - Birch',.BOTH.,(#550));
#552=IFCSTYLEDITEM(#546,(#551),$);
#553=IFCSHAPEREPRESENTATION(#24,'Body','Tessellation',(#515,#523,#528,#533,#538,#546));
#554=IFCAXIS2PLACEMENT3D(#19,$,$);
#555=IFCREPRESENTATIONMAP(#554,#553);
#556=IFCDOORLININGPROPERTIES('1g_Kadk5T7GQgx4E5vjOYO',#6,'Door-Passage-Single-Flush:36" x 84":1250125',$,$,$,$,$,$,$,$,$,$,$,$,$,$);
#557=IFCDOORPANELPROPERTIES('1g_Kadk5T7GQgx4E9vjOYO',#6,'Door-Passage-Single-Flush:36" x 84":1250125:1',$,$,.SWINGING.,$,.NOTDEFINED.,$);
#558=IFCDOORTYPE('1owNf7E0e1keTxEbr2a68v',#6,'Door-Passage-Single-Flush:36" x 84"',$,$,(#556,#557),(#555),'387960',$,.DOOR.,.SINGLE_SWING_RIGHT.,$,$);
#559=IFCMATERIAL('Aluminum',$,'Metal');
#560=IFCMATERIAL('Metal - Paint Finish - Grey',$,'Paint');
#561=IFCMATERIAL('Wood - Birch',$,'Wood');
#562=IFCMATERIALCONSTITUENT('Hardware',$,#559,0.001053572861941045,'Metal');
#563=IFCSHAPEREPRESENTATION(#24,'Body','Tessellation',(#515,#523,#528,#533));
#564=IFCSHAPEASPECT((#563),'Hardware',$,.U.,#555);
#565=IFCMATERIALCONSTITUENT('Frame/Mullion',$,#560,0.36822842930233474,'Paint');
#566=IFCSHAPEREPRESENTATION(#24,'Body','Tessellation',(#538));
#567=IFCSHAPEASPECT((#566),'Frame/Mullion',$,.U.,#555);
#568=IFCMATERIALCONSTITUENT('Panel',$,#561,0.63071799783572413,'Wood');
#569=IFCSHAPEREPRESENTATION(#24,'Body','Tessellation',(#546));
#570=IFCSHAPEASPECT((#569),'Panel',$,.U.,#555);
#571=IFCMATERIALCONSTITUENTSET($,$,(#562,#565,#568));
#572=IFCCARTESIANTRANSFORMATIONOPERATOR3D($,$,#19,1.,$);
#573=IFCMAPPEDITEM(#555,#572);
#574=IFCSHAPEREPRESENTATION(#24,'Body','MappedRepresentation',(#573));
#575=IFCPRODUCTDEFINITIONSHAPE($,$,(#574));
#576=IFCCARTESIANPOINT((0.36383787626946074,-1.7123994813385617,0.));
#577=IFCAXIS2PLACEMENT3D(#576,#52,#64);
#579=IFCDOOR('1g_Kadk5T7GQgx4E1vjOYO',#6,'Door-Passage-Single-Flush:36" x 84":1250125',$,$,#1160,#575,'1250125',7.333333333333333,3.333333333333333,.DOOR.,$,$);
#580=IFCMATERIALCONSTITUENT('Aluminum',$,#559,0.0010535728619410626,'Metal');
#581=IFCMATERIALCONSTITUENT('Metal - Paint Finish - Grey',$,#560,0.36822842930233457,'Paint');
#582=IFCMATERIALCONSTITUENT('Wood - Birch',$,#561,0.63071799783572435,'Wood');
#583=IFCMATERIALCONSTITUENTSET($,$,(#580,#581,#582));
#584=IFCPROPERTYSINGLEVALUE('Reference',$,IFCIDENTIFIER('Door-Passage-Single-Flush:36" x 84"'),$);
#585=IFCPROPERTYSET('1Jw0lXZAo4A1JSVCm5GNHy',#6,'Pset_DoorCommon',$,(#265,#584));
#586=IFCPROPERTYSET('1tOW_bRbj4phE$l$vR5O3Z',#6,'Pset_EnvironmentalImpactIndicators',$,(#584));
#587=IFCRELDEFINESBYPROPERTIES('0vmqqklCWX3bduC$r6VUJd',#6,$,$,(#579),#585);
#588=IFCRELDEFINESBYPROPERTIES('01lksbQp9NYV0Mdzfwu5pP',#6,$,$,(#579),#586);
#589=IFCCARTESIANPOINTLIST3D(((6.5416666666664494,0.49999999999999967,0.12499999999998668),(6.5416666666664494,0.47916666666701441,0.12499999999998668),(0.12499999999968781,0.47916666666701441,0.12499999999998668),(0.12499999999968781,0.49999999999999967,0.12499999999998668),(6.5416666666664494,0.49999999999999967,6.9583333333334689),(0.12499999999968781,0.49999999999999967,6.9583333333334689),(0.12499999999968781,0.47916666666701441,6.9583333333334689),(6.5416666666664494,0.47916666666701441,6.9583333333334689)));
#590=IFCTRIANGULATEDFACESET(#589,$,$,((3,4,2),(1,2,4),(8,5,7),(6,7,5),(6,5,1),(1,4,6),(7,6,4),(4,3,7),(8,7,3),(3,2,8),(5,8,2),(2,1,5)),$);
#591=IFCCOLOURRGBLIST(((0.96078431372549022,0.96078431372549022,0.95294117647058818)));
#592=IFCINDEXEDCOLOURMAP(#590,0.,#591,(1,1,1,1,1,1,1,1,1,1,1,1));
#593=IFCCOLOURRGB($,0.96078431372549022,0.96078431372549022,0.95294117647058818);
#594=IFCSURFACESTYLERENDERING(#593,1.,$,$,$,$,IFCNORMALISEDRATIOMEASURE(0.5),IFCSPECULAREXPONENT(64.),.NOTDEFINED.);
#595=IFCSURFACESTYLE('Glass',.BOTH.,(#594));
#596=IFCSTYLEDITEM(#590,(#595),$);
#597=IFCCARTESIANPOINTLIST3D(((0.12499999999968869,0.4374999999999914,6.9583333333334689),(6.5416666666664494,0.4374999999999914,6.9583333333334689),(6.5416666666664476,0.45833333333362597,6.9583333333334689),(0.12499999999968825,0.45833333333362597,6.9583333333334689),(0.12499999999968869,0.4374999999999914,0.12499999999998668),(0.12499999999968825,0.45833333333362597,0.12499999999998668),(6.5416666666664476,0.45833333333362597,0.12499999999998668),(6.5416666666664494,0.4374999999999914,0.12499999999998668)));
#598=IFCTRIANGULATEDFACESET(#597,$,$,((2,3,1),(4,1,3),(5,6,7),(7,8,5),(2,1,5),(5,8,2),(3,2,8),(8,7,3),(4,3,7),(7,6,4),(1,4,6),(6,5,1)),$);
#599=IFCCOLOURRGBLIST(((0.96078431372549022,0.96078431372549022,0.95294117647058818)));
#600=IFCINDEXEDCOLOURMAP(#598,0.,#599,(1,1,1,1,1,1,1,1,1,1,1,1));
#601=IFCSTYLEDITEM(#598,(#595),$);
#602=IFCCARTESIANPOINTLIST3D(((6.5416666666664476,0.39583333333331133,0.12499999999998579),(6.5416666666664476,0.54166666666664387,0.12499999999998579),(0.12499999999968825,0.54166666666666463,0.12499999999998579),(0.12499999999968914,0.39583333333333198,0.12499999999998579),(6.6249999999997691,0.54166666666664376,0.041666666666663854),(6.6249999999997691,0.39583333333331105,0.041666666666663854),(0.04166666666636587,0.39583333333333226,0.041666666666664298),(0.04166666666636587,0.54166666666666496,0.041666666666664298),(0.12499999999968825,0.54166666666666474,6.9583333333335027),(0.12499999999968781,0.39583333333333193,6.9583333333335009),(0.041666666666366758,0.39583333333333226,7.0416666666668224),(0.041666666666367203,0.54166666666666496,7.0416666666668224),(6.5416666666664476,0.54166666666664409,6.9583333333335027),(6.5416666666664476,0.39583333333331128,6.9583333333335027),(6.6249999999997664,0.39583333333331105,7.0416666666668224),(6.62499999999977,0.54166666666664376,7.0416666666668224)));
#603=IFCTRIANGULATEDFACESET(#602,$,$,((1,2,4),(3,4,2),(5,6,7),(7,8,5),(4,3,10),(9,10,3),(8,7,11),(11,12,8),(10,9,13),(13,14,10),(12,11,15),(15,16,12),(14,13,1),(2,1,13),(11,10,14),(10,11,4),(15,14,1),(14,15,11),(4,7,1),(7,4,11),(1,6,15),(6,1,7),(16,15,6),(6,5,16),(16,13,9),(13,16,2),(12,9,3),(9,12,16),(2,5,3),(5,2,16),(3,8,12),(8,3,5)),$);
#604=IFCCOLOURRGBLIST(((0.67843137254901964,0.51764705882352946,0.37647058823529411)));
#605=IFCINDEXEDCOLOURMAP(#603,1.,#604,(1,1,1,1,1,1,1,1,1,1,1,1,1,1,1,1,1,1,1,1,1,1,1,1,1,1,1,1,1,1,1,1));
#606=IFCCOLOURRGB($,0.67843137254901964,0.51764705882352946,0.37647058823529411);
#607=IFCSURFACESTYLERENDERING(#606,0.,$,$,$,$,IFCNORMALISEDRATIOMEASURE(0.5),IFCSPECULAREXPONENT(128.),.NOTDEFINED.);
#608=IFCSURFACESTYLE('Wood - Stained',.BOTH.,(#607));
#609=IFCSTYLEDITEM(#603,(#608),$);
#610=IFCCARTESIANPOINTLIST3D(((0.,0.,7.0833333333333428),(0.,0.,0.),(6.6666666666666616,0.,0.),(6.6666666666666616,0.,7.0833333333333428),(6.6249999999997682,0.,7.0416666666668206),(6.6249999999997682,0.,0.041666666666666075),(0.041666666666370311,0.,0.041666666666666075),(0.041666666666370311,0.,7.0416666666668206),(0.,0.1875,7.0833333333333428),(6.6666666666666616,0.1875,7.0833333333333428),(6.6666666666666616,0.1875,0.),(0.,0.1875,0.),(6.6249999999997682,0.1875,7.0416666666668206),(0.041666666666370311,0.1875,7.0416666666668206),(0.041666666666370311,0.1875,0.041666666666666075),(6.6249999999997682,0.1875,0.041666666666666075)));
#611=IFCTRIANGULATEDFACESET(#610,$,$,((1,8,5),(8,1,7),(4,5,6),(5,4,1),(7,2,6),(2,7,1),(6,3,4),(3,6,2),(12,15,16),(15,12,14),(11,16,13),(16,11,12),(14,9,13),(9,14,12),(13,10,11),(10,13,9),(2,1,9),(9,12,2),(3,2,12),(12,11,3),(4,3,11),(11,10,4),(1,4,10),(10,9,1),(6,5,13),(13,16,6),(7,6,16),(16,15,7),(8,7,15),(15,14,8),(5,8,14),(14,13,5)),$);
#612=IFCCOLOURRGBLIST(((0.67843137254901964,0.51764705882352946,0.37647058823529411)));
#613=IFCINDEXEDCOLOURMAP(#611,1.,#612,(1,1,1,1,1,1,1,1,1,1,1,1,1,1,1,1,1,1,1,1,1,1,1,1,1,1,1,1,1,1,1,1));
#614=IFCSTYLEDITEM(#611,(#608),$);
#615=IFCCARTESIANPOINTLIST3D(((6.6666666666666643,0.18749999999991862,7.0833333333333446),(6.6666666666666661,0.56249999999997213,7.0833333333333446),(-2.2204460492503131E-015,0.56249999999999367,7.0833333333333446),(-2.2204460492503131E-015,0.18749999999994016,7.0833333333333446),(-1.7763568394002505E-015,0.56249999999999367,-2.6645352591003757E-015),(-3.1086244689504383E-015,0.18749999999994016,-3.5527136788005009E-015),(6.6666666666666661,0.56249999999997213,-2.6645352591003757E-015),(6.6666666666666643,0.18749999999991862,-3.1086244689504383E-015),(6.5625000000002078,0.18749999999991884,6.9791666666668881),(6.5625000000002069,0.18749999999991884,0.10416666666645602),(0.10416666666645558,0.18749999999993949,0.10416666666645558),(0.10416666666645646,0.18749999999993949,6.9791666666668863),(0.041666666666664298,0.56249999999998979,7.0416666666666803),(0.041666666666664298,0.56249999999998979,0.04166666666666341),(6.625,0.56249999999997224,0.041666666666663854),(6.625,0.56249999999997224,7.0416666666666785),(6.5625000000002069,0.3958333333333115,6.9791666666668863),(0.10416666666645735,0.39583333333333237,6.9791666666668863),(6.6249999999999991,0.39583333333331128,7.0416666666666785),(0.041666666666665186,0.39583333333333248,7.0416666666666785),(0.10416666666645646,0.39583333333333226,0.10416666666645558),(0.041666666666664298,0.39583333333333248,0.041666666666664298),(6.5625000000002078,0.39583333333331139,0.10416666666645646),(6.625,0.39583333333331117,0.04166666666666341)));
#616=IFCTRIANGULATEDFACESET(#615,$,$,((1,2,4),(3,4,2),(4,3,5),(5,6,4),(6,5,8),(7,8,5),(8,10,11),(10,8,9),(6,11,12),(11,6,8),(9,1,12),(1,9,8),(12,4,6),(4,12,1),(8,7,2),(2,1,8),(5,14,15),(14,5,13),(7,15,16),(15,7,5),(13,3,16),(3,13,5),(16,2,7),(2,16,3),(17,9,18),(12,18,9),(16,19,20),(20,13,16),(18,12,21),(11,21,12),(13,20,22),(22,14,13),(21,11,10),(10,23,21),(14,22,24),(24,15,14),(23,10,9),(9,17,23),(22,21,23),(21,22,18),(24,23,17),(23,24,22),(18,20,17),(20,18,22),(17,19,24),(19,17,20),(15,24,19),(19,16,15)),$);
#617=IFCCOLOURRGBLIST(((0.67843137254901964,0.51764705882352946,0.37647058823529411)));
#618=IFCINDEXEDCOLOURMAP(#616,1.,#617,(1,1,1,1,1,1,1,1,1,1,1,1,1,1,1,1,1,1,1,1,1,1,1,1,1,1,1,1,1,1,1,1,1,1,1,1,1,1,1,1,1,1,1,1,1,1,1,1));
#619=IFCSTYLEDITEM(#616,(#608),$);
#620=IFCSHAPEREPRESENTATION(#24,'Body','Tessellation',(#590,#598,#603,#611,#616));
#621=IFCAXIS2PLACEMENT3D(#19,$,$);
#622=IFCREPRESENTATIONMAP(#621,#620);
#623=IFCWINDOWLININGPROPERTIES('2wUWXeW_96W8HOAetOmEet',#6,'Window-Fixed:80'''' x 85'''':1252031',$,$,$,$,$,$,$,$,$,$,$,$,$);
#624=IFCWINDOWTYPE('38MC4wSD1C3wk$gps5XaY8',#6,'Window-Fixed:80'''' x 85''''',$,$,(#623,#651),(#622),'1251490',$,.WINDOW.,.NOTDEFINED.,$,$);
#625=IFCMATERIAL('Glass',$,'Glass');
#626=IFCMATERIAL('Wood - Stained',$,'Wood');
#627=IFCMATERIALCONSTITUENT('Glass',$,#625,0.58106522489356971,'Glass');
#628=IFCSHAPEREPRESENTATION(#24,'Body','Tessellation',(#590,#598));
#629=IFCSHAPEASPECT((#628),'Glass',$,.U.,#622);
#630=IFCMATERIALCONSTITUENT('Frame/Mullion',$,#626,0.41893477510643023,'Wood');
#631=IFCSHAPEREPRESENTATION(#24,'Body','Tessellation',(#603,#611,#616));
#632=IFCSHAPEASPECT((#631),'Frame/Mullion',$,.U.,#622);
#633=IFCMATERIALCONSTITUENTSET($,$,(#627,#630));
#634=IFCMAPPEDITEM(#622,#572);
#635=IFCSHAPEREPRESENTATION(#24,'Body','MappedRepresentation',(#634));
#636=IFCPRODUCTDEFINITIONSHAPE($,$,(#635));
#637=IFCCARTESIANPOINT((12.968004542936132,-13.462399481338604,2.7499999999999991));
#638=IFCAXIS2PLACEMENT3D(#637,$,$);
#640=IFCWINDOW('2wUWXeW_96W8HOAepOmEet',#6,'Window-Fixed:80'''' x 85'''':1252031',$,$,#1145,#636,'1252031',7.0833333333333437,6.6666666666666607,.WINDOW.,.NOTDEFINED.,$);
#641=IFCMATERIALCONSTITUENT('Glass',$,#625,0.58106522489356971,'Glass');
#642=IFCMATERIALCONSTITUENT('Wood - Stained',$,#626,0.41893477510643023,'Wood');
#643=IFCMATERIALCONSTITUENTSET($,$,(#641,#642));
#644=IFCPROPERTYSINGLEVALUE('Reference',$,IFCIDENTIFIER('Window-Fixed:80'''' x 85'''''),$);
#645=IFCPROPERTYSET('3Mai1t7M8ubvpLWfYna1ZC',#6,'Pset_EnvironmentalImpactIndicators',$,(#644));
#646=IFCPROPERTYSINGLEVALUE('FireRating',$,IFCLABEL('0.5h'),$);
#647=IFCPROPERTYSET('3PGWmLD_18SROICcr20vuP',#6,'Pset_WindowCommon',$,(#265,#644,#646));
#648=IFCRELDEFINESBYPROPERTIES('1F9aA_dxmfoag94aBpx$Uc',#6,$,$,(#640),#645);
#649=IFCRELDEFINESBYPROPERTIES('05Xc1jCvpkZPE8QfCW_FEP',#6,$,$,(#640),#647);
#650=IFCPROPERTYSINGLEVALUE('FireRating',$,IFCLABEL('0.5h'),$);
#651=IFCPROPERTYSET('3MpVyc5J12Mm1mh3dEXo4L',#6,'Pset_WindowCommon',$,(#650));
#652=IFCCARTESIANPOINTLIST2D(((0.020833333333444504,-0.020833333333421338),(3.4166666666663752,-0.020833333333421335),(3.4166666666663752,0.020833333333239563),(0.0208333333334636,0.020833333333239407),(0.020833333333463492,3.2083333333333681),(-0.020833333333194145,3.2083333333333681),(-0.020833333333194037,0.020833333333267829),(-3.4166666666668712,0.020833333333267586),(-3.4166666666668712,-0.020833333333384139),(-0.020833333333217574,-0.020833333333384035),(-0.020833333333217467,-3.2083333333330706),(0.020833333333444611,-3.2083333333330706),(0.020833333333444504,-0.020833333333421338)));
#653=IFCINDEXEDPOLYCURVE(#652,$,.F.);
#654=IFCARBITRARYCLOSEDPROFILEDEF(.AREA.,'Muntin Pattern_2x2',#653);
#655=IFCCARTESIANPOINT((-0.,-0.072916666666679675,3.4166666666665226));
#656=IFCAXIS2PLACEMENT3D(#655,#64,#52);
#657=IFCEXTRUDEDAREASOLID(#654,#656,#52,0.041666666666653633);
#658=IFCCARTESIANPOINTLIST2D(((0.020833333333366344,-0.02083333333341179),(3.4166666666666674,-0.02083333333341179),(3.4166666666666674,0.020833333333248955),(0.020833333333373005,0.020833333333248955),(0.020833333333373005,3.2083333333333601),(-0.020833333333290849,3.2083333333333601),(-0.020833333333290849,0.020833333333276933),(-3.4166666666668135,0.020833333333276933),(-3.4166666666668135,-0.020833333333395359),(-0.020833333333301951,-0.020833333333395359),(-0.020833333333301951,-3.2083333333330786),(0.020833333333366344,-3.2083333333330786),(0.020833333333366344,-0.02083333333341179)));
#659=IFCINDEXEDPOLYCURVE(#658,$,.F.);
#660=IFCARBITRARYCLOSEDPROFILEDEF(.AREA.,'Muntin Pattern_2x2',#659);
#661=IFCCARTESIANPOINT((-0.,0.031250000000081352,3.4166666666668069));
#662=IFCAXIS2PLACEMENT3D(#661,#64,#52);
#663=IFCEXTRUDEDAREASOLID(#660,#662,#52,0.041666666666653751);
#664=IFCCOLOURRGB($,0.96078431372549022,0.96078431372549022,0.95294117647058818);
#665=IFCSURFACESTYLERENDERING(#664,0.,$,$,$,$,IFCNORMALISEDRATIOMEASURE(0.5),IFCSPECULAREXPONENT(128.),.NOTDEFINED.);
#666=IFCSURFACESTYLE('Clad - White',.BOTH.,(#665));
#667=IFCSTYLEDITEM(#657,(#666),$);
#668=IFCSTYLEDITEM(#663,(#608),$);
#669=IFCSHAPEREPRESENTATION(#24,'Body','SweptSolid',(#657,#663));
#670=IFCAXIS2PLACEMENT3D(#19,$,$);
#671=IFCREPRESENTATIONMAP(#670,#669);
#672=IFCBUILDINGELEMENTPROXYTYPE('2wUWXeW_96W8HOAepOmEeK',#6,'Muntin Pattern_2x2:Muntin Pattern_2x2',$,$,$,(#671),'341376',$,.NOTDEFINED.);
#673=IFCMATERIAL('Clad - White',$,'Wood');
#674=IFCMATERIALCONSTITUENT('Clad - White',$,#673,0.,'Wood');
#675=IFCSHAPEREPRESENTATION(#24,'Body','SweptSolid',(#657));
#676=IFCSHAPEASPECT((#675),'Clad - White',$,.U.,#671);
#677=IFCMATERIALCONSTITUENT('Wood - Stained',$,#626,0.,'Wood');
#678=IFCSHAPEREPRESENTATION(#24,'Body','SweptSolid',(#663));
#679=IFCSHAPEASPECT((#678),'Wood - Stained',$,.U.,#671);
#680=IFCMATERIALCONSTITUENTSET($,$,(#674,#677));
#681=IFCMAPPEDITEM(#671,#572);
#682=IFCSHAPEREPRESENTATION(#24,'Body','MappedRepresentation',(#681));
#683=IFCPRODUCTDEFINITIONSHAPE($,$,(#682));
#684=IFCCARTESIANPOINT((16.301337876269386,-12.993649481338601,2.8750000000000036));
#685=IFCAXIS2PLACEMENT3D(#684,#52,#109);
#686=IFCLOCALPLACEMENT(#33,#685);
#687=IFCBUILDINGELEMENTPROXY('2wUWXeW_96W8HOAepOmEfA',#6,'Muntin Pattern_2x2:Muntin Pattern_2x2:1252034',$,$,#686,#683,'1252034',.NOTDEFINED.);
#688=IFCMATERIALCONSTITUENT('Clad - White',$,#673,0.49999999999994532,'Wood');
#689=IFCMATERIALCONSTITUENT('Wood - Stained',$,#626,0.50000000000005462,'Wood');
#690=IFCMATERIALCONSTITUENTSET($,$,(#688,#689));
#691=IFCPROPERTYSINGLEVALUE('Reference',$,IFCIDENTIFIER('Muntin Pattern_2x2:Muntin Pattern_2x2'),$);
#692=IFCPROPERTYSET('0c1eIfCsYsR3ChXRSsf1bG',#6,'Pset_BuildingElementProxyCommon',$,(#100,#691));
#693=IFCPROPERTYSET('3hHABD1$W7T149OlCWWZLq',#6,'Pset_EnvironmentalImpactIndicators',$,(#691));
#694=IFCRELDEFINESBYPROPERTIES('1MU33dnvykCQPmMis$f71h',#6,$,$,(#687),#692);
#695=IFCRELDEFINESBYPROPERTIES('3yzUYy214WznXILctgmoal',#6,$,$,(#687),#693);
#696=IFCCARTESIANPOINTLIST2D(((-3.5208333333333282,-0.093750000000002665),(3.5208333333333282,-0.093750000000002665),(3.5208333333333282,0.093750000000002665),(-3.5208333333333282,0.093750000000002665),(-3.5208333333333282,-0.093750000000002665)));
#697=IFCINDEXEDPOLYCURVE(#696,$,.F.);
#698=IFCARBITRARYCLOSEDPROFILEDEF(.AREA.,'with Sill',#697);
#699=IFCCARTESIANPOINT((0.,-7.2498601406979271,-0.));
#700=IFCAXIS2PLACEMENT3D(#699,#52,#109);
#701=IFCEXTRUDEDAREASOLID(#698,#700,#52,0.062499999999999986);
#702=IFCCARTESIANPOINTLIST2D(((-0.062499999999970586,-0.05245931463931619),(3.7296554733501353E-014,-0.05245931463931619),(3.7296554733501353E-014,-0.021069455337205056),(0.062499999999909538,-0.021069455337205056),(0.062499999999909538,0.05170735202735699),(4.7538362135668422E-014,0.05170735202735699),(-0.062499999999970586,0.04364283589833029),(-0.062499999999970586,-0.05245931463931619)));
#703=IFCINDEXEDPOLYCURVE(#702,$,.F.);
#704=IFCARBITRARYCLOSEDPROFILEDEF(.AREA.,'with Sill',#703);
#705=IFCCARTESIANPOINT((-3.5624999999999734,-7.1350406853607105,0.062499999999940013));
#706=IFCDIRECTION((1.,0.,0.));
#707=IFCAXIS2PLACEMENT3D(#705,#706,#65);
#708=IFCEXTRUDEDAREASOLID(#704,#707,#52,7.1250000000000133);
#709=IFCCARTESIANPOINTLIST2D(((-3.6822916666666687,-3.5208333333333321),(3.5885416666666652,-3.5208333333333321),(3.5885416666666652,-3.3333333333333295),(-3.4947916666666607,-3.3333333333333286),(-3.4947916666666607,3.3333333333333375),(3.5885416666666652,3.3333333333333375),(3.5885416666666652,3.5208333333333242),(-3.6822916666666687,3.5208333333333242),(-3.6822916666666687,-3.5208333333333321)));
#710=IFCINDEXEDPOLYCURVE(#709,$,.F.);
#711=IFCARBITRARYCLOSEDPROFILEDEF(.AREA.,'with Sill',#710);
#712=IFCCARTESIANPOINT((0.,-3.4947916666666883,-0.));
#713=IFCAXIS2PLACEMENT3D(#712,#52,#117);
#714=IFCEXTRUDEDAREASOLID(#711,#713,#52,0.062499999999999986);
#715=IFCSTYLEDITEM(#701,(#666),$);
#716=IFCSTYLEDITEM(#708,(#666),$);
#717=IFCSTYLEDITEM(#714,(#666),$);
#718=IFCSHAPEREPRESENTATION(#24,'Body','SweptSolid',(#701,#708,#714));
#719=IFCAXIS2PLACEMENT3D(#19,$,$);
#720=IFCREPRESENTATIONMAP(#719,#718);
#721=IFCBUILDINGELEMENTPROXYTYPE('2wUWXeW_96W8HOAepOmEeL',#6,'Trim-Window-Exterior-Flat:with Sill',$,$,$,(#720),'341362',$,.NOTDEFINED.);
#722=IFCMAPPEDITEM(#720,#572);
#723=IFCSHAPEREPRESENTATION(#24,'Body','MappedRepresentation',(#722));
#724=IFCPRODUCTDEFINITIONSHAPE($,$,(#723));
#725=IFCCARTESIANPOINT((16.301337876269475,-12.962399481338615,9.8333333333333712));
#726=IFCAXIS2PLACEMENT3D(#725,#64,#109);
#728=IFCCARTESIANPOINT((4.7708333333333233,0.,9.8333333333333712));
#729=IFCAXIS2PLACEMENT3D(#728,#64,#109);
#730=IFCLOCALPLACEMENT(#104,#729);
#731=IFCBUILDINGELEMENTPROXY('2wUWXeW_96W8HOAepOmEfB',#6,'Trim-Window-Exterior-Flat:with Sill:1252035',$,$,#730,#724,'1252035',.NOTDEFINED.);
#732=IFCPROPERTYSINGLEVALUE('Reference',$,IFCIDENTIFIER('Trim-Window-Exterior-Flat:with Sill'),$);
#733=IFCPROPERTYSET('0FBai6O_B_z_iO7Kn6m6z6',#6,'Pset_BuildingElementProxyCommon',$,(#100,#732));
#734=IFCPROPERTYSET('1syC8Hnbc6Pn1hehsKDF9Q',#6,'Pset_EnvironmentalImpactIndicators',$,(#732));
#735=IFCRELDEFINESBYPROPERTIES('2ewjcjHoTm$wYdMDAuNso1',#6,$,$,(#731),#733);
#736=IFCRELDEFINESBYPROPERTIES('21s16j0nJOgQ3QMLTA4v8G',#6,$,$,(#731),#734);
#737=IFCCARTESIANPOINTLIST2D(((-3.4791666666666572,-3.6874999999999827),(3.4791666666666572,-3.6874999999999827),(3.4791666666666572,3.6874999999999827),(-3.4791666666666572,3.6874999999999827),(-3.4791666666666572,-3.6874999999999827)));
#738=IFCINDEXEDPOLYCURVE(#737,$,.F.);
#739=IFCCARTESIANPOINTLIST2D(((-3.291666666666675,-3.4999999999999747),(-3.291666666666675,3.4999999999999702),(3.291666666666659,3.4999999999999702),(3.291666666666659,-3.4999999999999747),(-3.291666666666675,-3.4999999999999747)));
#740=IFCINDEXEDPOLYCURVE(#739,$,.F.);
#741=IFCARBITRARYPROFILEDEFWITHVOIDS(.AREA.,'Picture Frame',#738,(#740));
#742=IFCCARTESIANPOINT((0.,-3.5416666666667234,-0.));
#743=IFCAXIS2PLACEMENT3D(#742,#52,#109);
#744=IFCEXTRUDEDAREASOLID(#741,#743,#52,0.10416666666666664);
#745=IFCSTYLEDITEM(#744,(#608),$);
#746=IFCSHAPEREPRESENTATION(#24,'Body','SweptSolid',(#744));
#747=IFCAXIS2PLACEMENT3D(#19,$,$);
#748=IFCREPRESENTATIONMAP(#747,#746);
#749=IFCBUILDINGELEMENTPROXYTYPE('2wUWXeW_96W8HOAepOmEeM',#6,'Trim-Window-Interior-Flat:Picture Frame',$,$,$,(#748),'341372',$,.NOTDEFINED.);
#750=IFCMAPPEDITEM(#748,#572);
#751=IFCSHAPEREPRESENTATION(#24,'Body','MappedRepresentation',(#750));
#752=IFCPRODUCTDEFINITIONSHAPE($,$,(#751));
#753=IFCCARTESIANPOINT((16.301337876269436,-13.462399481338615,9.8333333333333712));
#754=IFCAXIS2PLACEMENT3D(#753,#117,#706);
#755=IFCLOCALPLACEMENT(#33,#754);
#756=IFCBUILDINGELEMENTPROXY('2wUWXeW_96W8HOAepOmEfC',#6,'Trim-Window-Interior-Flat:Picture Frame:1252036',$,$,#755,#752,'1252036',.NOTDEFINED.);
#757=IFCPROPERTYSINGLEVALUE('Reference',$,IFCIDENTIFIER('Trim-Window-Interior-Flat:Picture Frame'),$);
#758=IFCPROPERTYSET('0Z5kSRhhHFAHAdAhHcbcJ7',#6,'Pset_BuildingElementProxyCommon',$,(#100,#757));
#759=IFCPROPERTYSET('2s1cRo36RGL4qX5cvkNr_T',#6,'Pset_EnvironmentalImpactIndicators',$,(#757));
#760=IFCRELDEFINESBYPROPERTIES('2$mFUoaUeGq3o$TfISsrLe',#6,$,$,(#756),#758);
#761=IFCRELDEFINESBYPROPERTIES('3R9Pym7JNv0na1dEl7AkYO',#6,$,$,(#756),#759);
#762=IFCMAPPEDITEM(#622,#572);
#763=IFCSHAPEREPRESENTATION(#24,'Body','MappedRepresentation',(#762));
#764=IFCPRODUCTDEFINITIONSHAPE($,$,(#763));
#765=IFCCARTESIANPOINT((-11.469495457063893,-12.879066148005252,2.7499999999999991));
#766=IFCAXIS2PLACEMENT3D(#765,#52,#109);
#768=IFCWINDOW('2wUWXeW_96W8HOAepOmEk7',#6,'Window-Fixed:80'''' x 85'''':1252111',$,$,#1175,#764,'1252111',7.0833333333333437,6.6666666666666643,.WINDOW.,.NOTDEFINED.,$);
#769=IFCMATERIALCONSTITUENT('Glass',$,#625,0.58106522489356971,'Glass');
#770=IFCMATERIALCONSTITUENT('Wood - Stained',$,#626,0.41893477510643023,'Wood');
#771=IFCMATERIALCONSTITUENTSET($,$,(#769,#770));
#772=IFCPROPERTYSET('2YyMynA11tQwd1Bm2CgLUU',#6,'Pset_EnvironmentalImpactIndicators',$,(#644));
#773=IFCPROPERTYSINGLEVALUE('FireRating',$,IFCLABEL('0.5h'),$);
#774=IFCPROPERTYSET('2oUnHxwDV1F3jQprGdFJ3E',#6,'Pset_WindowCommon',$,(#265,#644,#773));
#775=IFCRELDEFINESBYPROPERTIES('17UlBc9NFIn9IxIKHREsRe',#6,$,$,(#768),#772);
#776=IFCRELDEFINESBYPROPERTIES('3Mc07kdekUJOicaNbPbEcw',#6,$,$,(#768),#774);
#777=IFCMAPPEDITEM(#671,#572);
#778=IFCSHAPEREPRESENTATION(#24,'Body','MappedRepresentation',(#777));
#779=IFCPRODUCTDEFINITIONSHAPE($,$,(#778));
#780=IFCCARTESIANPOINT((-14.802828790397147,-13.347816148005256,2.8750000000000036));
#781=IFCAXIS2PLACEMENT3D(#780,$,$);
#782=IFCLOCALPLACEMENT(#33,#781);
#783=IFCBUILDINGELEMENTPROXY('2wUWXeW_96W8HOAepOmEkQ',#6,'Muntin Pattern_2x2:Muntin Pattern_2x2:1252114',$,$,#782,#779,'1252114',.NOTDEFINED.);
#784=IFCMATERIALCONSTITUENT('Clad - White',$,#673,0.49999999999994532,'Wood');
#785=IFCMATERIALCONSTITUENT('Wood - Stained',$,#626,0.50000000000005462,'Wood');
#786=IFCMATERIALCONSTITUENTSET($,$,(#784,#785));
#787=IFCPROPERTYSET('1AIigHlGoh9APQiFn7Rj_z',#6,'Pset_BuildingElementProxyCommon',$,(#100,#691));
#788=IFCPROPERTYSET('2TWK2Mx6mqfYjFlAfXo7ne',#6,'Pset_EnvironmentalImpactIndicators',$,(#691));
#789=IFCRELDEFINESBYPROPERTIES('069Nh$lnRzc9Z1viNanuYp',#6,$,$,(#783),#787);
#790=IFCRELDEFINESBYPROPERTIES('2p_$cWF_BvP_8Eqr1kKQej',#6,$,$,(#783),#788);
#791=IFCMAPPEDITEM(#720,#572);
#792=IFCSHAPEREPRESENTATION(#24,'Body','MappedRepresentation',(#791));
#793=IFCPRODUCTDEFINITIONSHAPE($,$,(#792));
#794=IFCCARTESIANPOINT((-14.802828790397236,-13.379066148005242,9.8333333333333712));
#795=IFCAXIS2PLACEMENT3D(#794,#117,#706);
#796=IFCLOCALPLACEMENT(#33,#795);
#797=IFCBUILDINGELEMENTPROXY('2wUWXeW_96W8HOAepOmEkR',#6,'Trim-Window-Exterior-Flat:with Sill:1252115',$,$,#796,#793,'1252115',.NOTDEFINED.);
#798=IFCPROPERTYSET('1ASuRYx7gBacir871KNERz',#6,'Pset_BuildingElementProxyCommon',$,(#100,#732));
#799=IFCPROPERTYSET('1OMfAppMPDDAz3qh18Ulk8',#6,'Pset_EnvironmentalImpactIndicators',$,(#732));
#800=IFCRELDEFINESBYPROPERTIES('15dtfwLXdYfrCZmAFj9jl0',#6,$,$,(#797),#798);
#801=IFCRELDEFINESBYPROPERTIES('1QnDosFmMfU8vBBEli0w$d',#6,$,$,(#797),#799);
#802=IFCMAPPEDITEM(#748,#572);
#803=IFCSHAPEREPRESENTATION(#24,'Body','MappedRepresentation',(#802));
#804=IFCPRODUCTDEFINITIONSHAPE($,$,(#803));
#805=IFCCARTESIANPOINT((-14.802828790397198,-12.879066148005242,9.8333333333333712));
#806=IFCAXIS2PLACEMENT3D(#805,#64,#109);
#808=IFCCARTESIANPOINT((6.,0.,9.8333333333333712));
#809=IFCAXIS2PLACEMENT3D(#808,#64,#109);
#810=IFCLOCALPLACEMENT(#167,#809);
#811=IFCBUILDINGELEMENTPROXY('2wUWXeW_96W8HOAepOmEkS',#6,'Trim-Window-Interior-Flat:Picture Frame:1252116',$,$,#810,#804,'1252116',.NOTDEFINED.);
#812=IFCPROPERTYSET('24ELKnBLo2jj3JIKIuaW4C',#6,'Pset_BuildingElementProxyCommon',$,(#100,#757));
#813=IFCPROPERTYSET('28KRSaH8TZS7CyXDWCwsI_',#6,'Pset_EnvironmentalImpactIndicators',$,(#757));
#814=IFCRELDEFINESBYPROPERTIES('1NDLxJo7lz7ZCVDgccM_km',#6,$,$,(#811),#812);
#815=IFCRELDEFINESBYPROPERTIES('3fJY3nXxsQ9EWNzoeRCd7g',#6,$,$,(#811),#813);
#816=IFCMAPPEDITEM(#622,#572);
#817=IFCSHAPEREPRESENTATION(#24,'Body','MappedRepresentation',(#816));
#818=IFCPRODUCTDEFINITIONSHAPE($,$,(#817));
#819=IFCCARTESIANPOINT((-1.0528287903972275,-12.879066148005286,2.7499999999999991));
#820=IFCAXIS2PLACEMENT3D(#819,#52,#109);
#822=IFCWINDOW('2wUWXeW_96W8HOAepOmEi2',#6,'Window-Fixed:80'''' x 85'''':1252234',$,$,#1190,#818,'1252234',7.0833333333333437,6.6666666666666625,.WINDOW.,.NOTDEFINED.,$);
#823=IFCMATERIALCONSTITUENT('Glass',$,#625,0.58106522489356971,'Glass');
#824=IFCMATERIALCONSTITUENT('Wood - Stained',$,#626,0.41893477510643023,'Wood');
#825=IFCMATERIALCONSTITUENTSET($,$,(#823,#824));
#826=IFCPROPERTYSET('0TyQCULke1pRSNYsZNWdo$',#6,'Pset_EnvironmentalImpactIndicators',$,(#644));
#827=IFCPROPERTYSINGLEVALUE('FireRating',$,IFCLABEL('0.5h'),$);
#828=IFCPROPERTYSET('3$UweKj4T_wsnCrXWKJPR_',#6,'Pset_WindowCommon',$,(#265,#644,#827));
#829=IFCRELDEFINESBYPROPERTIES('0ncsTbgKH33HymTsIgL5ro',#6,$,$,(#822),#826);
#830=IFCRELDEFINESBYPROPERTIES('1znak9G155fBmvoBTQLrsd',#6,$,$,(#822),#828);
#831=IFCMAPPEDITEM(#671,#572);
#832=IFCSHAPEREPRESENTATION(#24,'Body','MappedRepresentation',(#831));
#833=IFCPRODUCTDEFINITIONSHAPE($,$,(#832));
#834=IFCCARTESIANPOINT((-4.3861621237304842,-13.34781614800529,2.8750000000000036));
#835=IFCAXIS2PLACEMENT3D(#834,$,$);
#836=IFCLOCALPLACEMENT(#33,#835);
#837=IFCBUILDINGELEMENTPROXY('2wUWXeW_96W8HOAepOmEi5',#6,'Muntin Pattern_2x2:Muntin Pattern_2x2:1252237',$,$,#836,#833,'1252237',.NOTDEFINED.);
#838=IFCMATERIALCONSTITUENT('Clad - White',$,#673,0.49999999999994532,'Wood');
#839=IFCMATERIALCONSTITUENT('Wood - Stained',$,#626,0.50000000000005462,'Wood');
#840=IFCMATERIALCONSTITUENTSET($,$,(#838,#839));
#841=IFCPROPERTYSET('1thQbHH4FQ_NdZj_aGYnea',#6,'Pset_BuildingElementProxyCommon',$,(#100,#691));
#842=IFCPROPERTYSET('0GbBIxJX$ywaCQ2uFjgeei',#6,'Pset_EnvironmentalImpactIndicators',$,(#691));
#843=IFCRELDEFINESBYPROPERTIES('1DqQ3X1lgv$Tq0xxjdGKii',#6,$,$,(#837),#841);
#844=IFCRELDEFINESBYPROPERTIES('3pfY$YQ6JEp7k846GJMGW7',#6,$,$,(#837),#842);
#845=IFCMAPPEDITEM(#720,#572);
#846=IFCSHAPEREPRESENTATION(#24,'Body','MappedRepresentation',(#845));
#847=IFCPRODUCTDEFINITIONSHAPE($,$,(#846));
#848=IFCCARTESIANPOINT((-4.3861621237305721,-13.379066148005275,9.8333333333333712));
#849=IFCAXIS2PLACEMENT3D(#848,#117,#706);
#850=IFCLOCALPLACEMENT(#33,#849);
#851=IFCBUILDINGELEMENTPROXY('2wUWXeW_96W8HOAepOmEi6',#6,'Trim-Window-Exterior-Flat:with Sill:1252238',$,$,#850,#847,'1252238',.NOTDEFINED.);
#852=IFCPROPERTYSET('2jMmRiIpnpJUL$ZMfaQfMa',#6,'Pset_BuildingElementProxyCommon',$,(#100,#732));
#853=IFCPROPERTYSET('2qWsGT_bv3NuwWwSvpp5N9',#6,'Pset_EnvironmentalImpactIndicators',$,(#732));
#854=IFCRELDEFINESBYPROPERTIES('2gPfb1NwjJdzu2o56Xw9l$',#6,$,$,(#851),#852);
#855=IFCRELDEFINESBYPROPERTIES('33Y4MoeB9FPP9kYxWt1gby',#6,$,$,(#851),#853);
#856=IFCMAPPEDITEM(#748,#572);
#857=IFCSHAPEREPRESENTATION(#24,'Body','MappedRepresentation',(#856));
#858=IFCPRODUCTDEFINITIONSHAPE($,$,(#857));
#859=IFCCARTESIANPOINT((-4.3861621237305339,-12.879066148005275,9.8333333333333712));
#860=IFCAXIS2PLACEMENT3D(#859,#64,#109);
#862=IFCCARTESIANPOINT((16.416666666666671,0.,9.8333333333333712));
#863=IFCAXIS2PLACEMENT3D(#862,#64,#109);
#864=IFCLOCALPLACEMENT(#167,#863);
#865=IFCBUILDINGELEMENTPROXY('2wUWXeW_96W8HOAepOmEi7',#6,'Trim-Window-Interior-Flat:Picture Frame:1252239',$,$,#864,#858,'1252239',.NOTDEFINED.);
#866=IFCPROPERTYSET('2Qxnzhf$sBoAx4gm_76mBn',#6,'Pset_BuildingElementProxyCommon',$,(#100,#757));
#867=IFCPROPERTYSET('33qYoXblud2wPsYu$jlIo5',#6,'Pset_EnvironmentalImpactIndicators',$,(#757));
#868=IFCRELDEFINESBYPROPERTIES('0VM4kHrnqEd7E7pV6vHDpZ',#6,$,$,(#865),#866);
#869=IFCRELDEFINESBYPROPERTIES('1VceFBbhy6vBZvOFzr_50S',#6,$,$,(#865),#867);
#870=IFCMAPPEDITEM(#555,#572);
#871=IFCSHAPEREPRESENTATION(#24,'Body','MappedRepresentation',(#870));
#872=IFCPRODUCTDEFINITIONSHAPE($,$,(#871));
#873=IFCCARTESIANPOINT((15.28050454293618,-2.0457328146719433,0.));
#874=IFCAXIS2PLACEMENT3D(#873,#52,#109);
#876=IFCDOOR('2wUWXeW_96W8HOAepOmEpT',#6,'Door-Passage-Single-Flush:36" x 84":1252437',$,$,#1130,#872,'1252437',7.333333333333333,3.3333333333333339,.DOOR.,$,$);
#877=IFCMATERIALCONSTITUENT('Aluminum',$,#559,0.0010535728619410626,'Metal');
#878=IFCMATERIALCONSTITUENT('Metal - Paint Finish - Grey',$,#560,0.36822842930233457,'Paint');
#879=IFCMATERIALCONSTITUENT('Wood - Birch',$,#561,0.63071799783572435,'Wood');
#880=IFCMATERIALCONSTITUENTSET($,$,(#877,#878,#879));
#881=IFCPROPERTYSET('3vscmMvdlUqHWvIaACj9c6',#6,'Pset_DoorCommon',$,(#265,#584));
#882=IFCPROPERTYSET('30TimNGhjmiQHEJlLHuMmF',#6,'Pset_EnvironmentalImpactIndicators',$,(#584));
#883=IFCRELDEFINESBYPROPERTIES('1r5a7kS_CLLmyVk2tU2MpM',#6,$,$,(#876),#881);
#884=IFCRELDEFINESBYPROPERTIES('2IYNgQsVF7F9PC5yD3DC8U',#6,$,$,(#876),#882);
#885=IFCAXIS2PLACEMENT3D(#19,$,$);
#886=IFCLOCALPLACEMENT(#33,#885);
#887=IFCCARTESIANPOINTLIST2D(((-11.138888888888877,-28.937500000000007),(4.3611111111110574,-28.937500000000014),(4.3611111111110148,1.8124999999999831),(18.611111111111114,1.8124999999999818),(18.611111111111089,18.06250000000005),(-0.30555555555553976,18.06250000000005),(-0.30555555555553404,13.437499999999984),(-11.222222222222205,13.437499999999988),(-11.222222222222191,3.3958333333333508),(-0.3055555555555205,3.3958333333333486),(-0.30555555555550545,-7.7708333333333615),(-11.138888888888905,-7.7708333333333597),(-11.138888888888877,-28.937500000000007)));
#888=IFCINDEXEDPOLYCURVE(#887,$,.F.);
#889=IFCARBITRARYCLOSEDPROFILEDEF(.AREA.,$,#888);
#890=IFCCARTESIANPOINT((7.8846712096028195,-1.9901772591164024,0.));
#891=IFCAXIS2PLACEMENT3D(#890,#65,#64);
#892=IFCEXTRUDEDAREASOLID(#889,#891,#52,1.);
#893=IFCCOLOURRGB($,0.50196078431372548,0.50196078431372548,0.50196078431372548);
#894=IFCSURFACESTYLERENDERING(#893,0.,$,$,$,$,IFCNORMALISEDRATIOMEASURE(0.5),IFCSPECULAREXPONENT(10.),.NOTDEFINED.);
#895=IFCSURFACESTYLE('Default Floor',.BOTH.,(#894));
#896=IFCSTYLEDITEM(#892,(#895),$);
#897=IFCSHAPEREPRESENTATION(#24,'Body','SweptSolid',(#892));
#898=IFCCARTESIANPOINTLIST3D(((-21.052828790397207,-13.129066148005222,0.),(-21.052828790397179,2.3709338519947085,0.)));
#899=IFCINDEXEDPOLYCURVE(#898,$,.F.);
#900=IFCCARTESIANPOINTLIST3D(((-21.052828790397186,2.3709338519947085,0.),(9.6971712096028106,2.370933851994609,0.)));
#901=IFCINDEXEDPOLYCURVE(#900,$,.F.);
#902=IFCCARTESIANPOINTLIST3D(((9.6971712096028106,2.370933851994609,0.),(9.6971712096028355,16.620933851994707,0.)));
#903=IFCINDEXEDPOLYCURVE(#902,$,.F.);
#904=IFCCARTESIANPOINTLIST3D(((9.6971712096028355,16.620933851994707,0.),(25.947171209602907,16.620933851994653,0.)));
#905=IFCINDEXEDPOLYCURVE(#904,$,.F.);
#906=IFCCARTESIANPOINTLIST3D(((25.947171209602907,16.620933851994653,0.),(25.947171209602871,-2.2957328146719753,0.)));
#907=IFCINDEXEDPOLYCURVE(#906,$,.F.);
#908=IFCCARTESIANPOINTLIST3D(((25.947171209602871,-2.2957328146719753,0.),(21.322171209602804,-2.2957328146719611,0.)));
#909=IFCINDEXEDPOLYCURVE(#908,$,.F.);
#910=IFCCARTESIANPOINTLIST3D(((21.322171209602804,-2.2957328146719611,0.),(21.322171209602786,-13.212399481338633,0.)));
#911=IFCINDEXEDPOLYCURVE(#910,$,.F.);
#912=IFCCARTESIANPOINTLIST3D(((21.322171209602786,-13.212399481338633,0.),(11.28050454293615,-13.212399481338597,0.)));
#913=IFCINDEXEDPOLYCURVE(#912,$,.F.);
#914=IFCCARTESIANPOINTLIST3D(((11.28050454293615,-13.212399481338601,0.),(11.280504542936168,-2.2957328146719291,0.)));
#915=IFCINDEXEDPOLYCURVE(#914,$,.F.);
#916=IFCCARTESIANPOINTLIST3D(((11.280504542936168,-2.2957328146719291,0.),(0.11383787626945718,-2.2957328146718936,0.)));
#917=IFCINDEXEDPOLYCURVE(#916,$,.F.);
#918=IFCCARTESIANPOINTLIST3D(((0.11383787626945718,-2.2957328146718936,0.),(0.11383787626943942,-13.129066148005293,0.)));
#919=IFCINDEXEDPOLYCURVE(#918,$,.F.);
#920=IFCCARTESIANPOINTLIST3D(((0.11383787626943942,-13.129066148005293,0.),(-21.052828790397207,-13.129066148005226,0.)));
#921=IFCINDEXEDPOLYCURVE(#920,$,.F.);
#922=IFCGEOMETRICCURVESET((#899,#901,#903,#905,#907,#909,#911,#913,#915,#917,#919,#921));
#923=IFCSHAPEREPRESENTATION(#26,'FootPrint','GeometricCurveSet',(#922));
#924=IFCPRODUCTDEFINITIONSHAPE($,$,(#897,#923));
#925=IFCSLAB('19cjcqsLfEIAAw9lXGPtNM',#6,'Floor:Generic - 12":1253120',$,$,#886,#924,'1253120',.FLOOR.);
#926=IFCSLABTYPE('1xZrMVYp52mhf4uMzw11Hi',#6,'Floor:Generic - 12"',$,$,(#938),$,'441449',$,.FLOOR.);
#927=IFCMATERIAL('Default Floor',$,'Miscellaneous');
#928=IFCPROPERTYSINGLEVALUE('Reference',$,IFCIDENTIFIER('Floor:Generic - 12"'),$);
#929=IFCPROPERTYSET('3e6npiDysCOTQrfto7cHBP',#6,'Pset_EnvironmentalImpactIndicators',$,(#928));
#930=IFCPROPERTYSINGLEVALUE('Reference',$,IFCLABEL('Floor:Generic - 12"'),$);
#931=IFCPROPERTYSET('16Q2oF$vc21Xj0Hzy5TDkk',#6,'Pset_ReinforcementBarPitchOfSlab',$,(#930));
#932=IFCPROPERTYSINGLEVALUE('PitchAngle',$,IFCPLANEANGLEMEASURE(0.),$);
#933=IFCPROPERTYSET('1An74HsComeiMtD94_JvWl',#6,'Pset_SlabCommon',$,(#100,#266,#928,#932));
#934=IFCRELDEFINESBYPROPERTIES('22g6SgXxUcDpTYxqQkre4t',#6,$,$,(#925),#929);
#935=IFCRELDEFINESBYPROPERTIES('1oTVOlZYiuWO3AaF1DW8xN',#6,$,$,(#925),#931);
#936=IFCRELDEFINESBYPROPERTIES('3sMy8Y3k1N1VJ2SECPy8Nx',#6,$,$,(#925),#933);
#937=IFCPROPERTYSINGLEVALUE('Description',$,IFCTEXT('Generic Floor (Material By Category), 12" thick'),$);
#938=IFCPROPERTYSET('08jeqqdMvr9oQ2sJw84keo',#6,'Pset_ReinforcementBarPitchOfSlab',$,(#937));
#939=IFCCARTESIANPOINTLIST2D(((-0.062499999999999348,-0.1250000000000081),(0.06249999999999941,-0.1250000000000081),(0.062499999999999348,0.1250000000000081),(-0.062499999999999403,0.1250000000000081),(-0.062499999999999348,-0.1250000000000081)));
#940=IFCINDEXEDPOLYCURVE(#939,$,.F.);
#941=IFCARBITRARYCLOSEDPROFILEDEF(.AREA.,'GFCI',#940);
#942=IFCCARTESIANPOINT((0.,-0.,-0.17708333333345624));
#943=IFCAXIS2PLACEMENT3D(#942,#52,#109);
#944=IFCEXTRUDEDAREASOLID(#941,#943,#52,0.17708333333345011);
#945=IFCCARTESIANPOINTLIST2D(((-0.11458333333333016,-0.18750000000001169),(0.11458333333333003,-0.18750000000001171),(0.11458333333333016,0.18750000000001171),(-0.11458333333333003,0.18750000000001174),(-0.11458333333333016,-0.18750000000001169)));
#946=IFCINDEXEDPOLYCURVE(#945,$,.F.);
#947=IFCARBITRARYCLOSEDPROFILEDEF(.AREA.,'GFCI',#946);
#948=IFCAXIS2PLACEMENT3D(#19,#52,#109);
#949=IFCEXTRUDEDAREASOLID(#947,#948,#52,0.015624999999883782);
#950=IFCSHAPEREPRESENTATION(#24,'Body','SweptSolid',(#944,#949));
#951=IFCAXIS2PLACEMENT3D(#19,$,$);
#952=IFCREPRESENTATIONMAP(#951,#950);
#953=IFCBUILDINGELEMENTPROXYTYPE('3d60djV$v0e8hW2QgCoYwr',#6,'Duplex Receptacle:GFCI',$,$,$,(#952),'1073159',$,.NOTDEFINED.);
#954=IFCMATERIAL('<Unnamed>',$,$);
#955=IFCMAPPEDITEM(#952,#572);
#956=IFCSHAPEREPRESENTATION(#24,'Body','MappedRepresentation',(#955));
#957=IFCPRODUCTDEFINITIONSHAPE($,$,(#956));
#958=IFCCARTESIANPOINT((-4.5111621237305526,2.1209338519946539,1.4583333333333612));
#959=IFCAXIS2PLACEMENT3D(#958,#117,#706);
#961=IFCCARTESIANPOINT((16.291666666666654,15.,1.4583333333333612));
#962=IFCAXIS2PLACEMENT3D(#961,#117,#706);
#963=IFCLOCALPLACEMENT(#167,#962);
#964=IFCBUILDINGELEMENTPROXY('2Vhr$hzrnDVfn3fW0kmVeY',#6,'Duplex Receptacle:GFCI:1256812',$,$,#963,#957,'1256812',.NOTDEFINED.);
#965=IFCPROPERTYSINGLEVALUE('Reference',$,IFCIDENTIFIER('Duplex Receptacle:GFCI'),$);
#966=IFCPROPERTYSET('3vqfxfoNkNF5inMBUUyBp_',#6,'Pset_BuildingElementProxyCommon',$,(#265,#965));
#967=IFCPROPERTYSET('3B26yqAn6SWSqEw92Wdkde',#6,'Pset_EnvironmentalImpactIndicators',$,(#965));
#968=IFCRELDEFINESBYPROPERTIES('1WO79UYqxY6_Tz3MJNFor6',#6,$,$,(#964),#966);
#969=IFCRELDEFINESBYPROPERTIES('3NGGsf5aZs1PCBmN9xgomz',#6,$,$,(#964),#967);
#970=IFCMAPPEDITEM(#952,#572);
#971=IFCSHAPEREPRESENTATION(#24,'Body','MappedRepresentation',(#970));
#972=IFCPRODUCTDEFINITIONSHAPE($,$,(#971));
#973=IFCCARTESIANPOINT((-14.261162123730536,2.1209338519946459,1.4583333333333612));
#974=IFCAXIS2PLACEMENT3D(#973,#117,#706);
#976=IFCCARTESIANPOINT((6.5416666666666714,15.,1.4583333333333612));
#977=IFCAXIS2PLACEMENT3D(#976,#117,#706);
#978=IFCLOCALPLACEMENT(#167,#977);
#979=IFCBUILDINGELEMENTPROXY('2Vhr$hzrnDVfn3fW0kmUCP',#6,'Duplex Receptacle:GFCI:1258583',$,$,#978,#972,'1258583',.NOTDEFINED.);
#980=IFCPROPERTYSET('1uBs2KGEwofpmROGE2Zdc1',#6,'Pset_BuildingElementProxyCommon',$,(#265,#965));
#981=IFCPROPERTYSET('0KR64Q3ZRf6rQLs2WFunD$',#6,'Pset_EnvironmentalImpactIndicators',$,(#965));
#982=IFCRELDEFINESBYPROPERTIES('31DDJQZcNzAlFBm0EY2JES',#6,$,$,(#979),#980);
#983=IFCRELDEFINESBYPROPERTIES('1HXDyFJC36GitKHZmusHZ0',#6,$,$,(#979),#981);
#984=IFCMAPPEDITEM(#952,#572);
#985=IFCSHAPEREPRESENTATION(#24,'Body','MappedRepresentation',(#984));
#986=IFCPRODUCTDEFINITIONSHAPE($,$,(#985));
#987=IFCCARTESIANPOINT((-0.13616212373053674,-3.7123994813385535,1.4583333333333612));
#988=IFCAXIS2PLACEMENT3D(#987,#109,#117);
#990=IFCCARTESIANPOINT((20.666666666666671,9.1666666666667354,1.4583333333333612));
#991=IFCAXIS2PLACEMENT3D(#990,#109,#117);
#992=IFCLOCALPLACEMENT(#167,#991);
#993=IFCBUILDINGELEMENTPROXY('2Vhr$hzrnDVfn3fW0kmUBR',#6,'Duplex Receptacle:GFCI:1258901',$,$,#992,#986,'1258901',.NOTDEFINED.);
#994=IFCPROPERTYSET('1MlWiQLbo1L0dejGqnNLVW',#6,'Pset_BuildingElementProxyCommon',$,(#265,#965));
#995=IFCPROPERTYSET('0A8hYt29PdpNVd0lk4QFUT',#6,'Pset_EnvironmentalImpactIndicators',$,(#965));
#996=IFCRELDEFINESBYPROPERTIES('0PXHz7mLA0pKr86JLeDDu0',#6,$,$,(#993),#994);
#997=IFCRELDEFINESBYPROPERTIES('0xK7Bi0CRBr5_D8y9WtxcK',#6,$,$,(#993),#995);
#998=IFCMAPPEDITEM(#952,#572);
#999=IFCSHAPEREPRESENTATION(#24,'Body','MappedRepresentation',(#998));
#1000=IFCPRODUCTDEFINITIONSHAPE($,$,(#999));
#1001=IFCCARTESIANPOINT((15.655504542936171,-2.545732814671962,3.5000000000000275));
#1002=IFCAXIS2PLACEMENT3D(#1001,#117,#706);
#1004=IFCCARTESIANPOINT((4.1250000000000195,10.416666666666668,3.5000000000000275));
#1005=IFCAXIS2PLACEMENT3D(#1004,#117,#706);
#1006=IFCLOCALPLACEMENT(#104,#1005);
#1007=IFCBUILDINGELEMENTPROXY('2Vhr$hzrnDVfn3fW0kmU6m',#6,'Duplex Receptacle:GFCI:1259262',$,$,#1006,#1000,'1259262',.NOTDEFINED.);
#1008=IFCPROPERTYSET('1M6kxqeV_MgUm$3n2$eYGR',#6,'Pset_BuildingElementProxyCommon',$,(#265,#965));
#1009=IFCPROPERTYSET('3xRW_tGx6p4_5rfRGrvDsg',#6,'Pset_EnvironmentalImpactIndicators',$,(#965));
#1010=IFCRELDEFINESBYPROPERTIES('0gHhOzqXAGi4pSDAz_n$wN',#6,$,$,(#1007),#1008);
#1011=IFCRELDEFINESBYPROPERTIES('3xFrg9W8t2KMKArvjN1tT4',#6,$,$,(#1007),#1009);
#1012=IFCMAPPEDITEM(#952,#572);
#1013=IFCSHAPEREPRESENTATION(#24,'Body','MappedRepresentation',(#1012));
#1014=IFCPRODUCTDEFINITIONSHAPE($,$,(#1013));
#1015=IFCCARTESIANPOINT((11.530504542936114,-7.8790661480052835,1.5000000000000278));
#1016=IFCAXIS2PLACEMENT3D(#1015,#706,#64);
#1018=IFCCARTESIANPOINT((-0.,5.0833333333333472,1.5000000000000278));
#1019=IFCAXIS2PLACEMENT3D(#1018,#706,#64);
#1020=IFCLOCALPLACEMENT(#104,#1019);
#1021=IFCBUILDINGELEMENTPROXY('3tBCYpwSr2nhgFcBNR5IYg',#6,'Duplex Receptacle:GFCI:1259463',$,$,#1020,#1014,'1259463',.NOTDEFINED.);
#1022=IFCPROPERTYSET('3aXCHbVhrnyfIPyaX9C38q',#6,'Pset_BuildingElementProxyCommon',$,(#265,#965));
#1023=IFCPROPERTYSET('0iSAPOa8fqW$9FgesdxlzS',#6,'Pset_EnvironmentalImpactIndicators',$,(#965));
#1024=IFCRELDEFINESBYPROPERTIES('2qimugFJA2LvhPp4Tro9V3',#6,$,$,(#1021),#1022);
#1025=IFCRELDEFINESBYPROPERTIES('2DyEYKCjpi28g$i7tiBkqc',#6,$,$,(#1021),#1023);
#1026=IFCCARTESIANPOINT((0.,0.12499999999999134,-0.088541666666674956));
#1027=IFCAXIS2PLACEMENT3D(#1026,#64,#109);
#1028=IFCLOCALPLACEMENT(#963,#1027);
#1029=IFCDISTRIBUTIONPORT('2QgllSSJZ1ebexj93kjez9',#6,'Port_1256812_1','Flow',$,#1028,$,.SOURCEANDSINK.,.CABLE.,.ELECTRICAL.);
#1030=IFCCARTESIANPOINT((0.,0.12499999999999134,-0.088541666666666963));
#1031=IFCAXIS2PLACEMENT3D(#1030,#64,#109);
#1032=IFCLOCALPLACEMENT(#978,#1031);
#1033=IFCDISTRIBUTIONPORT('1O6vN3YsfYlsS6ol0yTrYd',#6,'Port_1258583_1','Flow',$,#1032,$,.SOURCEANDSINK.,.CABLE.,.ELECTRICAL.);
#1034=IFCCARTESIANPOINT((0.,0.12499999999999134,-0.088541666666730162));
#1035=IFCAXIS2PLACEMENT3D(#1034,#64,#109);
#1036=IFCLOCALPLACEMENT(#992,#1035);
#1037=IFCDISTRIBUTIONPORT('2Sez_2tc$tv64hy$0suNGf',#6,'Port_1258901_1','Flow',$,#1036,$,.SOURCEANDSINK.,.CABLE.,.ELECTRICAL.);
#1038=IFCCARTESIANPOINT((0.,0.12499999999999156,-0.088541666666732244));
#1039=IFCAXIS2PLACEMENT3D(#1038,#64,#109);
#1040=IFCLOCALPLACEMENT(#1006,#1039);
#1041=IFCDISTRIBUTIONPORT('1$oAjlXFUiVA6wac4UcAj1',#6,'Port_1259262_1','Flow',$,#1040,$,.SOURCEANDSINK.,.CABLE.,.ELECTRICAL.);
#1042=IFCCARTESIANPOINT((0.,0.12499999999999134,-0.088541666666769103));
#1043=IFCAXIS2PLACEMENT3D(#1042,#64,#109);
#1044=IFCLOCALPLACEMENT(#1020,#1043);
#1045=IFCDISTRIBUTIONPORT('3T4be3WWWjEGSHX2Oujmxa',#6,'Port_1259463_1','Flow',$,#1044,$,.SOURCEANDSINK.,.CABLE.,.ELECTRICAL.);
#1046=IFCRELNESTS('0OnSK_5VIAL6NoQ0T9cBnO',#6,'NestedPorts','Flow',#964,(#1029));
#1047=IFCRELNESTS('1QaSp_MWeUMfr$t1A5m8GG',#6,'NestedPorts','Flow',#979,(#1033));
#1048=IFCRELNESTS('1MRmKLHXlHscew2Q6X57IM',#6,'NestedPorts','Flow',#993,(#1037));
#1049=IFCRELNESTS('1ce1Ewarfb0_nHmSF$UNZu',#6,'NestedPorts','Flow',#1007,(#1041));
#1050=IFCRELNESTS('2mypE_yY2rU3r1gwv25aET',#6,'NestedPorts','Flow',#1021,(#1045));
#1051=IFCPROPERTYSINGLEVALUE('Reference',$,IFCIDENTIFIER('Level:1/4" Head'),$);
#1052=IFCPROPERTYSINGLEVALUE('AboveGround',$,IFCLOGICAL(.U.),$);
#1053=IFCPROPERTYSET('16L50AfyZF4hYq5TGET4H4',#6,'Pset_BuildingStoreyCommon',$,(#1051,#1052));
#1054=IFCRELDEFINESBYPROPERTIES('2VdfSfkgzGoZi_3SgzE8$0',#6,$,$,(#34),#1053);
#1055=IFCRELCONTAINEDINSPATIALSTRUCTURE('2JF4e6axWHqu3u0C5FZlmi',#6,$,$,(#258,#288,#315,#337,#364,#386,#413,#440,#462,#484,#506,#579,#640,#687,#756,#768,#783,#797,#822,#837,#851,#876,#925),#34);
#1056=IFCPROPERTYSET('1n34enW33Z_3Qq2Pm1kjQZ',#6,'Pset_BuildingStoreyCommon',$,(#1051,#1052));
#1057=IFCRELDEFINESBYPROPERTIES('36oM8gyLQ5_Z6XoGK5uP1E',#6,$,$,(#38),#1056);
#1058=IFCRELAGGREGATES('320FRdN8vEAhpl_kZGGI1l',#6,$,$,#27,(#41));
#1059=IFCRELAGGREGATES('3bk1GFlfQ4ZQo1Y$jJvFlu',#6,$,$,#41,(#31));
#1060=IFCRELAGGREGATES('2JF4e6axWHqu3u0C9FZlmi',#6,$,$,#34,(#61,#115,#177));
#1061=IFCRELAGGREGATES('1yhDISh1T5aQqAoygxGIhP',#6,$,$,#31,(#34,#38));
#1062=IFCPROPERTYSINGLEVALUE('NumberOfStoreys',$,IFCINTEGER(2),$);
#1063=IFCPROPERTYSINGLEVALUE('IsLandmarked',$,IFCLOGICAL(.U.),$);
#1064=IFCPROPERTYSET('1_MPqhCQIj8rY0nXp9Sv9g',#6,'Pset_BuildingCommon',$,(#42,#1062,#1063));
#1065=IFCRELDEFINESBYPROPERTIES('0fEjpb1UHjuCDWusC9nEOa',#6,$,$,(#31),#1064);
#1066=IFCRELASSOCIATESMATERIAL('1FfmIep7oGZU_lUM5icpnB',#6,$,$,(#558),#571);
#1067=IFCRELASSOCIATESMATERIAL('3OdSdCxAQqeJdiMESMYbMu',#6,$,$,(#579),#583);
#1068=IFCRELASSOCIATESMATERIAL('2clfzGXU3CEJ72gGaUr3MD',#6,$,$,(#624),#633);
#1069=IFCRELASSOCIATESMATERIAL('2VxfURgz8E$ebxCpVbbeFL',#6,$,$,(#640),#643);
#1070=IFCRELASSOCIATESMATERIAL('3EBPJrlMhCo_GT4GMSckL1',#6,$,$,(#672),#680);
#1071=IFCRELASSOCIATESMATERIAL('3BMzdgVR4nqvlVAzwL0LVd',#6,$,$,(#687),#690);
#1072=IFCRELASSOCIATESMATERIAL('2CYC9TmGfsXYWOKkcuOEuO',#6,$,$,(#768),#771);
#1073=IFCRELASSOCIATESMATERIAL('1iokIQv9VKw7hRGAsGKUa2',#6,$,$,(#783),#786);
#1074=IFCRELASSOCIATESMATERIAL('1pXDTRQUNW7l$tNI$clwRc',#6,$,$,(#822),#825);
#1075=IFCRELASSOCIATESMATERIAL('1XFONaLdZXFPpD_71OSw8M',#6,$,$,(#837),#840);
#1076=IFCRELASSOCIATESMATERIAL('3n4Ka$jtI2kf9fEh2zPSGi',#6,$,$,(#876),#880);
#1077=IFCRELASSOCIATESMATERIAL('0CY1vMMc0SLfuWU7fZeRQc',#6,$,$,(#258,#288,#315,#337,#364,#386,#413,#440,#462,#484,#506),#259);
#1078=IFCRELASSOCIATESMATERIAL('1V9oAjVLYASBgkLksl6Bx5',#6,$,$,(#749,#756,#811,#865),#626);
#1079=IFCRELASSOCIATESMATERIAL('3qA9PzlecctjwZLTo$xj$l',#6,$,$,(#721,#731,#797,#851),#673);
#1080=IFCRELASSOCIATESMATERIAL('01ZAUJUXqQpyu7$rND3l02',#6,$,$,(#925,#926),#927);
#1081=IFCRELASSOCIATESMATERIAL('2DdTbPvbwwHCXYe01Pzft0',#6,$,$,(#953,#964,#979,#993,#1007,#1021),#954);
#1082=IFCRELDEFINESBYTYPE('1QY2Tvewy0R82SlE0k5Ytx',#6,$,$,(#61,#115,#177),#62);
#1083=IFCRELDEFINESBYTYPE('0MSq_ijuC5q4PUKv4QkOsA',#6,$,$,(#258,#288,#315,#337,#364,#386,#413,#440,#462,#484,#506),#260);
#1084=IFCRELDEFINESBYTYPE('3bUtkK1FTjLIbOb4knTN6F',#6,$,$,(#579,#876),#558);
#1085=IFCRELDEFINESBYTYPE('3RvM18NVrQiRbREVPku8Fk',#6,$,$,(#640,#768,#822),#624);
#1086=IFCRELDEFINESBYTYPE('15VngOv$uxS9Xhdyi9FXFR',#6,$,$,(#687,#783,#837),#672);
#1087=IFCRELDEFINESBYTYPE('1z4U4qIVzuPhfw1gInHY9E',#6,$,$,(#731,#797,#851),#721);
#1088=IFCRELDEFINESBYTYPE('01MRb40VRPFthZVrcIv$Gz',#6,$,$,(#756,#811,#865),#749);
#1089=IFCRELDEFINESBYTYPE('3AVJtbOHyTnujdziMMd$qq',#6,$,$,(#925),#926);
#1090=IFCRELDEFINESBYTYPE('0Kw73qrUkW6p3t8v5snFpi',#6,$,$,(#964,#979,#993,#1007,#1021),#953);
#1091=IFCRELSPACEBOUNDARY('2zFdu5Zz6obxb1nkBokyhE',#6,'1stLevel',$,#61,#258,#80,.PHYSICAL.,.EXTERNAL.);
#1092=IFCRELSPACEBOUNDARY('0MvMfYWo2N9uK6abOaDLEv',#6,'1stLevel',$,#61,#506,#86,.PHYSICAL.,.EXTERNAL.);
#1093=IFCRELSPACEBOUNDARY('0$YZ3udoHN8Uftgt02QdqQ',#6,'1stLevel',$,#61,#484,#92,.PHYSICAL.,.EXTERNAL.);
#1094=IFCRELSPACEBOUNDARY('15de8ZetwiranaYtTzBbOK',#6,'1stLevel',$,#61,#462,#98,.PHYSICAL.,.EXTERNAL.);
#1095=IFCRELSPACEBOUNDARY('28zxy0RafywjIlToVUZjUs',#6,'1stLevel',$,#115,#315,#131,.PHYSICAL.,.EXTERNAL.);
#1096=IFCRELSPACEBOUNDARY('1TLnmuHf15wNrd0HIyRUoG',#6,'1stLevel',$,#115,#876,#137,.PHYSICAL.,.EXTERNAL.);
#1097=IFCRELSPACEBOUNDARY('0$uRbeRqIdixcBNIIgjOuR',#6,'1stLevel',$,#115,#386,#143,.PHYSICAL.,.EXTERNAL.);
#1098=IFCRELSPACEBOUNDARY('1AK5Hi2XMcTtJ1BzHMvzhp',#6,'1stLevel',$,#115,#364,#149,.PHYSICAL.,.EXTERNAL.);
#1099=IFCRELSPACEBOUNDARY('3e1VAKc$D$wiNM_Ma4h4v6',#6,'1stLevel',$,#115,#640,#156,.PHYSICAL.,.EXTERNAL.);
#1100=IFCRELSPACEBOUNDARY('1QeVZBfzUdxpY9GZg4B3tE',#6,'1stLevel',$,#115,#337,#162,.PHYSICAL.,.EXTERNAL.);
#1101=IFCRELSPACEBOUNDARY('2jHza5jkaYWBpVj0r_Zxz2',#6,'1stLevel',$,#177,#258,#193,.PHYSICAL.,.EXTERNAL.);
#1102=IFCRELSPACEBOUNDARY('1zJ3mtK73h3H5Mcztslvch',#6,'1stLevel',$,#177,#288,#199,.PHYSICAL.,.EXTERNAL.);
#1103=IFCRELSPACEBOUNDARY('0QTH97Tp2t6MOjXm0xgANL',#6,'1stLevel',$,#177,#440,#205,.PHYSICAL.,.EXTERNAL.);
#1104=IFCRELSPACEBOUNDARY('2Kxiccc1vC$pfKmg7sFzYn',#6,'1stLevel',$,#177,#768,#212,.PHYSICAL.,.EXTERNAL.);
#1105=IFCRELSPACEBOUNDARY('2rX83xufn7$tN7EFFIrLTK',#6,'1stLevel',$,#177,#822,#219,.PHYSICAL.,.EXTERNAL.);
#1106=IFCRELSPACEBOUNDARY('0RfhNunjMwkY3brtZS5J1e',#6,'1stLevel',$,#177,#413,#225,.PHYSICAL.,.EXTERNAL.);
#1107=IFCRELSPACEBOUNDARY('2SWCHCgE3GxJjkqNiQiNAk',#6,'1stLevel',$,#177,#413,#231,.PHYSICAL.,.EXTERNAL.);
#1108=IFCRELSPACEBOUNDARY('1gFqxNkIzWeFkXcuSmC$6y',#6,'1stLevel',$,#177,#579,#237,.PHYSICAL.,.EXTERNAL.);
#1109=IFCPRESENTATIONLAYERASSIGNMENT('A-AREA',$,(#58,#112,#174),$);
#1110=IFCPRESENTATIONLAYERASSIGNMENT('A-WALL',$,(#246,#257,#279,#287,#301,#314,#328,#336,#350,#363,#377,#385,#399,#412,#426,#439,#453,#461,#475,#483,#497,#505),$);
#1111=IFCPRESENTATIONLAYERASSIGNMENT('A-DOOR',$,(#553,#563,#566,#569,#574,#871),$);
#1112=IFCPRESENTATIONLAYERASSIGNMENT('A-GLAZ',$,(#620,#628,#631,#635,#763,#817),$);
#1113=IFCPRESENTATIONLAYERASSIGNMENT('A-GENM',$,(#669,#675,#678,#682,#718,#723,#746,#751,#778,#792,#803,#832,#846,#857),$);
#1114=IFCPRESENTATIONLAYERASSIGNMENT('A-FLOR',$,(#897,#923),$);
#1115=IFCPRESENTATIONLAYERASSIGNMENT('E-ELEC-FIXT',$,(#950,#956,#971,#985,#999,#1013),$);
#1116=IFCCARTESIANPOINTLIST2D(((0.,3.3333333333333339),(0.,0.),(7.333333333333333,0.),(7.333333333333333,3.3333333333333339),(0.,3.3333333333333339)));
#1117=IFCINDEXEDPOLYCURVE(#1116,$,.F.);
#1118=IFCARBITRARYCLOSEDPROFILEDEF(.AREA.,$,#1117);
#1119=IFCAXIS2PLACEMENT3D(#19,#64,#52);
#1120=IFCEXTRUDEDAREASOLID(#1118,#1119,#52,0.5);
#1121=IFCSHAPEREPRESENTATION(#24,'Body','SweptSolid',(#1120));
#1122=IFCPRODUCTDEFINITIONSHAPE($,$,(#1121));
#1123=IFCCARTESIANPOINT((10.916666666666691,-0.25000000000003553,0.));
#1124=IFCAXIS2PLACEMENT3D(#1123,$,$);
#1125=IFCLOCALPLACEMENT(#298,#1124);
#1126=IFCOPENINGELEMENT('2TYidaBZpwPzBWKWv0yAow',#6,'Door-Passage-Single-Flush:36" x 84":1252437:1',$,$,#1125,#1122,'1252437',.OPENING.);
#1127=IFCRELVOIDSELEMENT('2wUWXeW_96W8HOAfZOmEpT',#6,$,$,#315,#1126);
#1128=IFCRELFILLSELEMENT('1405rOUgfPLOotpg1OwXrw',#6,$,$,#1126,#876);
#1129=IFCAXIS2PLACEMENT3D(#19,$,$);
#1130=IFCLOCALPLACEMENT(#1125,#1129);
#1131=IFCCARTESIANPOINTLIST2D(((7.0833333333333437,6.6666666666666625),(0.,6.6666666666666625),(8.8817841970012523E-016,9.2084930570546378E-032),(7.0833333333333437,9.2084930570546378E-032),(7.0833333333333437,6.6666666666666625)));
#1132=IFCINDEXEDPOLYCURVE(#1131,$,.F.);
#1133=IFCARBITRARYCLOSEDPROFILEDEF(.AREA.,$,#1132);
#1134=IFCAXIS2PLACEMENT3D(#19,#117,#52);
#1135=IFCEXTRUDEDAREASOLID(#1133,#1134,#52,0.5);
#1136=IFCSHAPEREPRESENTATION(#24,'Body','SweptSolid',(#1135));
#1137=IFCPRODUCTDEFINITIONSHAPE($,$,(#1136));
#1138=IFCCARTESIANPOINT((8.1041666666666536,0.24999999999997333,2.7499999999999991));
#1139=IFCAXIS2PLACEMENT3D(#1138,$,$);
#1140=IFCLOCALPLACEMENT(#347,#1139);
#1141=IFCOPENINGELEMENT('3X1Wbj3ZKc3xGFQ0oCqTnd',#6,'Window-Fixed:80'''' x 85'''':1252031:1',$,$,#1140,#1137,'1252031',.OPENING.);
#1142=IFCRELVOIDSELEMENT('2wUWXeW_96W8HOAfZOmEet',#6,$,$,#364,#1141);
#1143=IFCRELFILLSELEMENT('0fjrYDBmcgC1S7VY9$_cTP',#6,$,$,#1141,#640);
#1144=IFCAXIS2PLACEMENT3D(#19,#52,#109);
#1145=IFCLOCALPLACEMENT(#1140,#1144);
#1146=IFCCARTESIANPOINTLIST2D(((0.,3.333333333333333),(0.,-2.9110226223248902E-032),(7.333333333333333,-2.9110226223248902E-032),(7.333333333333333,3.333333333333333),(0.,3.333333333333333)));
#1147=IFCINDEXEDPOLYCURVE(#1146,$,.F.);
#1148=IFCARBITRARYCLOSEDPROFILEDEF(.AREA.,$,#1147);
#1149=IFCAXIS2PLACEMENT3D(#19,#117,#52);
#1150=IFCEXTRUDEDAREASOLID(#1148,#1149,#52,0.5);
#1151=IFCSHAPEREPRESENTATION(#24,'Body','SweptSolid',(#1150));
#1152=IFCPRODUCTDEFINITIONSHAPE($,$,(#1151));
#1153=IFCCARTESIANPOINT((3.8333333333332034,0.24999999999999598,0.));
#1154=IFCAXIS2PLACEMENT3D(#1153,$,$);
#1155=IFCLOCALPLACEMENT(#396,#1154);
#1156=IFCOPENINGELEMENT('2UjP78tT6dKKJCU0CxKClx',#6,'Door-Passage-Single-Flush:36" x 84":1250125:1',$,$,#1155,#1152,'1250125',.OPENING.);
#1157=IFCRELVOIDSELEMENT('1g_Kadk5T7GQgx4FHvjOYO',#6,$,$,#413,#1156);
#1158=IFCRELFILLSELEMENT('1j4mMNfhL$dvaDqcK44ai9',#6,$,$,#1156,#579);
#1159=IFCAXIS2PLACEMENT3D(#19,#52,#109);
#1160=IFCLOCALPLACEMENT(#1155,#1159);
#1161=IFCCARTESIANPOINTLIST2D(((7.0833333333333437,6.6666666666666625),(0.,6.6666666666666625),(8.8817841970012523E-016,0.),(7.0833333333333437,0.),(7.0833333333333437,6.6666666666666625)));
#1162=IFCINDEXEDPOLYCURVE(#1161,$,.F.);
#1163=IFCARBITRARYCLOSEDPROFILEDEF(.AREA.,$,#1162);
#1164=IFCAXIS2PLACEMENT3D(#19,#64,#52);
#1165=IFCEXTRUDEDAREASOLID(#1163,#1164,#52,0.5);
#1166=IFCSHAPEREPRESENTATION(#24,'Body','SweptSolid',(#1165));
#1167=IFCPRODUCTDEFINITIONSHAPE($,$,(#1166));
#1168=IFCCARTESIANPOINT((11.333333333333343,-0.2500000000000373,2.7499999999999991));
#1169=IFCAXIS2PLACEMENT3D(#1168,$,$);
#1170=IFCLOCALPLACEMENT(#423,#1169);
#1171=IFCOPENINGELEMENT('25MbqFR2B__NPvgvn4jj8r',#6,'Window-Fixed:80'''' x 85'''':1252111:1',$,$,#1170,#1167,'1252111',.OPENING.);
#1172=IFCRELVOIDSELEMENT('2wUWXeW_96W8HOAfZOmEk7',#6,$,$,#440,#1171);
#1173=IFCRELFILLSELEMENT('0vp3mW9iTiDD0OHZIF_XwV',#6,$,$,#1171,#768);
#1174=IFCAXIS2PLACEMENT3D(#19,$,$);
#1175=IFCLOCALPLACEMENT(#1170,#1174);
#1176=IFCCARTESIANPOINTLIST2D(((7.0833333333333437,6.6666666666666625),(0.,6.6666666666666625),(8.8817841970012523E-016,0.),(7.0833333333333437,0.),(7.0833333333333437,6.6666666666666625)));
#1177=IFCINDEXEDPOLYCURVE(#1176,$,.F.);
#1178=IFCARBITRARYCLOSEDPROFILEDEF(.AREA.,$,#1177);
#1179=IFCAXIS2PLACEMENT3D(#19,#64,#52);
#1180=IFCEXTRUDEDAREASOLID(#1178,#1179,#52,0.5);
#1181=IFCSHAPEREPRESENTATION(#24,'Body','SweptSolid',(#1180));
#1182=IFCPRODUCTDEFINITIONSHAPE($,$,(#1181));
#1183=IFCCARTESIANPOINT((0.9166666666666784,-0.25000000000000355,2.7499999999999991));
#1184=IFCAXIS2PLACEMENT3D(#1183,$,$);
#1185=IFCLOCALPLACEMENT(#423,#1184);
#1186=IFCOPENINGELEMENT('3mmVFY7_fmDPw3uzAtSkVH',#6,'Window-Fixed:80'''' x 85'''':1252234:1',$,$,#1185,#1182,'1252234',.OPENING.);
#1187=IFCRELVOIDSELEMENT('2wUWXeW_96W8HOAfZOmEi2',#6,$,$,#440,#1186);
#1188=IFCRELFILLSELEMENT('3RTTo_YwMg6NFHfoDuaW67',#6,$,$,#1186,#822);
#1189=IFCAXIS2PLACEMENT3D(#19,$,$);
#1190=IFCLOCALPLACEMENT(#1185,#1189);
#1191=IFCRELCONTAINEDINSPATIALSTRUCTURE('1Lv0gA6uw_3_gm0q05aE1a',#6,$,$,(#731,#1007,#1021),#115);
#1192=IFCRELCONTAINEDINSPATIALSTRUCTURE('3JObn6ctrVcJWO86lnPEoL',#6,$,$,(#811,#865,#964,#979,#993),#177);
#1193=IFCUNITASSIGNMENT((#10,#14,#18,#57));
ENDSEC;

END-ISO-10303-21;